-- --------------------------------------------------------
-- Host:                         127.0.0.1
-- Server version:               12.0.2-MariaDB - mariadb.org binary distribution
-- Server OS:                    Win64
-- HeidiSQL Version:             12.11.0.7065
-- --------------------------------------------------------

/*!40101 SET @OLD_CHARACTER_SET_CLIENT=@@CHARACTER_SET_CLIENT */;
/*!40101 SET NAMES utf8 */;
/*!50503 SET NAMES utf8mb4 */;
/*!40103 SET @OLD_TIME_ZONE=@@TIME_ZONE */;
/*!40103 SET TIME_ZONE='+00:00' */;
/*!40014 SET @OLD_FOREIGN_KEY_CHECKS=@@FOREIGN_KEY_CHECKS, FOREIGN_KEY_CHECKS=0 */;
/*!40101 SET @OLD_SQL_MODE=@@SQL_MODE, SQL_MODE='NO_AUTO_VALUE_ON_ZERO' */;
/*!40111 SET @OLD_SQL_NOTES=@@SQL_NOTES, SQL_NOTES=0 */;


-- Dumping database structure for si-rtrw
CREATE DATABASE IF NOT EXISTS `si-rtrw` /*!40100 DEFAULT CHARACTER SET utf8mb4 COLLATE utf8mb4_uca1400_ai_ci */;
USE `si-rtrw`;

-- Dumping structure for table si-rtrw.anggota_kk
CREATE TABLE IF NOT EXISTS `anggota_kk` (
  `id` bigint(20) unsigned NOT NULL AUTO_INCREMENT,
  `kk_id` bigint(20) unsigned NOT NULL,
  `warga_id` bigint(20) unsigned DEFAULT NULL,
  `hubungan` varchar(100) DEFAULT NULL,
  `created_at` timestamp NULL DEFAULT NULL,
  `updated_at` timestamp NULL DEFAULT NULL,
  PRIMARY KEY (`id`),
  KEY `anggota_kk_kk_id_index` (`kk_id`),
  KEY `anggota_kk_warga_id_index` (`warga_id`),
  CONSTRAINT `anggota_kk_kk_id_foreign` FOREIGN KEY (`kk_id`) REFERENCES `kartu_keluarga` (`id`) ON DELETE CASCADE,
  CONSTRAINT `anggota_kk_warga_id_foreign` FOREIGN KEY (`warga_id`) REFERENCES `warga` (`id`) ON DELETE SET NULL
) ENGINE=InnoDB AUTO_INCREMENT=60 DEFAULT CHARSET=utf8mb4 COLLATE=utf8mb4_unicode_ci;

-- Dumping data for table si-rtrw.anggota_kk: ~59 rows (approximately)
INSERT INTO `anggota_kk` (`id`, `kk_id`, `warga_id`, `hubungan`, `created_at`, `updated_at`) VALUES
	(1, 1, 1, 'Kepala Keluarga', '2025-12-06 11:18:34', '2025-12-06 11:18:34'),
	(2, 1, 2, 'Istri', '2025-12-06 11:18:34', '2025-12-06 11:18:34'),
	(3, 1, 3, 'Anak', '2025-12-06 11:18:34', '2025-12-06 11:18:34'),
	(4, 2, 4, 'Kepala Keluarga', '2025-12-06 11:18:34', '2025-12-06 11:18:34'),
	(5, 2, 5, 'Istri', '2025-12-06 11:18:34', '2025-12-06 11:18:34'),
	(6, 3, 31, 'Kepala Keluarga', '2025-12-06 11:25:59', '2025-12-06 11:25:59'),
	(7, 3, 32, 'Istri', '2025-12-06 11:25:59', '2025-12-06 11:25:59'),
	(8, 3, 33, 'Anak', '2025-12-06 11:25:59', '2025-12-06 11:25:59'),
	(9, 4, 34, 'Kepala Keluarga', '2025-12-06 11:25:59', '2025-12-06 11:25:59'),
	(10, 4, 35, 'Istri', '2025-12-06 11:25:59', '2025-12-06 11:25:59'),
	(11, 5, 80, 'Kepala Keluarga', '2025-12-07 07:28:49', '2025-12-07 07:28:49'),
	(12, 5, 59, 'Anak', '2025-12-07 07:28:49', '2025-12-07 07:28:49'),
	(13, 5, 67, 'Anak', '2025-12-07 07:28:49', '2025-12-07 07:28:49'),
	(14, 6, 49, 'Kepala Keluarga', '2025-12-07 07:28:49', '2025-12-07 07:28:49'),
	(15, 6, 52, 'Anak', '2025-12-07 07:28:49', '2025-12-07 07:28:49'),
	(16, 6, 66, 'Saudara', '2025-12-07 07:28:49', '2025-12-07 07:28:49'),
	(17, 6, 55, 'Istri', '2025-12-07 07:28:49', '2025-12-07 07:28:49'),
	(18, 7, 54, 'Kepala Keluarga', '2025-12-07 07:28:49', '2025-12-07 07:28:49'),
	(19, 7, 46, 'Saudara', '2025-12-07 07:28:49', '2025-12-07 07:28:49'),
	(20, 7, 55, 'Istri', '2025-12-07 07:28:49', '2025-12-07 07:28:49'),
	(21, 7, 57, 'Istri', '2025-12-07 07:28:49', '2025-12-07 07:28:49'),
	(22, 8, 52, 'Kepala Keluarga', '2025-12-07 07:28:49', '2025-12-07 07:28:49'),
	(23, 8, 52, 'Istri', '2025-12-07 07:28:49', '2025-12-07 07:28:49'),
	(24, 9, 58, 'Kepala Keluarga', '2025-12-07 07:28:49', '2025-12-07 07:28:49'),
	(25, 9, 71, 'Anak', '2025-12-07 07:28:49', '2025-12-07 07:28:49'),
	(26, 9, 47, 'Anak', '2025-12-07 07:28:49', '2025-12-07 07:28:49'),
	(27, 10, 62, 'Kepala Keluarga', '2025-12-07 07:28:49', '2025-12-07 07:28:49'),
	(28, 10, 58, 'Anak', '2025-12-07 07:28:49', '2025-12-07 07:28:49'),
	(29, 10, 72, 'Anak', '2025-12-07 07:28:49', '2025-12-07 07:28:49'),
	(30, 10, 78, 'Anak', '2025-12-07 07:28:49', '2025-12-07 07:28:49'),
	(31, 11, 78, 'Kepala Keluarga', '2025-12-07 07:28:49', '2025-12-07 07:28:49'),
	(32, 11, 73, 'Anak', '2025-12-07 07:28:49', '2025-12-07 07:28:49'),
	(33, 11, 45, 'Saudara', '2025-12-07 07:28:49', '2025-12-07 07:28:49'),
	(34, 11, 77, 'Saudara', '2025-12-07 07:28:49', '2025-12-07 07:28:49'),
	(35, 12, 76, 'Kepala Keluarga', '2025-12-07 07:28:49', '2025-12-07 07:28:49'),
	(36, 12, 43, 'Istri', '2025-12-07 07:28:49', '2025-12-07 07:28:49'),
	(37, 13, 59, 'Kepala Keluarga', '2025-12-07 07:28:49', '2025-12-07 07:28:49'),
	(38, 13, 52, 'Saudara', '2025-12-07 07:28:49', '2025-12-07 07:28:49'),
	(39, 13, 59, 'Saudara', '2025-12-07 07:28:49', '2025-12-07 07:28:49'),
	(40, 13, 76, 'Istri', '2025-12-07 07:28:49', '2025-12-07 07:28:49'),
	(41, 14, 66, 'Kepala Keluarga', '2025-12-07 07:28:49', '2025-12-07 07:28:49'),
	(42, 14, 51, 'Istri', '2025-12-07 07:28:49', '2025-12-07 07:28:49'),
	(43, 15, 71, 'Kepala Keluarga', '2025-12-07 07:28:49', '2025-12-07 07:28:49'),
	(44, 15, 78, 'Anak', '2025-12-07 07:28:49', '2025-12-07 07:28:49'),
	(45, 15, 62, 'Anak', '2025-12-07 07:28:49', '2025-12-07 07:28:49'),
	(46, 15, 47, 'Anak', '2025-12-07 07:28:49', '2025-12-07 07:28:49'),
	(47, 16, 55, 'Kepala Keluarga', '2025-12-07 07:28:49', '2025-12-07 07:28:49'),
	(48, 16, 66, 'Istri', '2025-12-07 07:28:49', '2025-12-07 07:28:49'),
	(49, 16, 70, 'Anak', '2025-12-07 07:28:49', '2025-12-07 07:28:49'),
	(50, 16, 71, 'Anak', '2025-12-07 07:28:49', '2025-12-07 07:28:49'),
	(51, 17, 54, 'Kepala Keluarga', '2025-12-07 07:28:49', '2025-12-07 07:28:49'),
	(52, 17, 44, 'Istri', '2025-12-07 07:28:49', '2025-12-07 07:28:49'),
	(53, 17, 69, 'Anak', '2025-12-07 07:28:49', '2025-12-07 07:28:49'),
	(54, 18, 72, 'Kepala Keluarga', '2025-12-07 07:28:49', '2025-12-07 07:28:49'),
	(55, 18, 63, 'Istri', '2025-12-07 07:28:49', '2025-12-07 07:28:49'),
	(56, 18, 58, 'Istri', '2025-12-07 07:28:49', '2025-12-07 07:28:49'),
	(57, 18, 78, 'Istri', '2025-12-07 07:28:49', '2025-12-07 07:28:49'),
	(58, 19, 48, 'Kepala Keluarga', '2025-12-07 07:28:49', '2025-12-07 07:28:49'),
	(59, 19, 67, 'Anak', '2025-12-07 07:28:49', '2025-12-07 07:28:49');

-- Dumping structure for table si-rtrw.audit_logs
CREATE TABLE IF NOT EXISTS `audit_logs` (
  `id` bigint(20) unsigned NOT NULL AUTO_INCREMENT,
  `table_name` varchar(100) DEFAULT NULL,
  `record_id` bigint(20) unsigned DEFAULT NULL,
  `user_id` bigint(20) unsigned DEFAULT NULL,
  `action` varchar(50) DEFAULT NULL,
  `old_values` text DEFAULT NULL,
  `new_values` text DEFAULT NULL,
  `created_at` timestamp NULL DEFAULT NULL,
  `updated_at` timestamp NULL DEFAULT NULL,
  PRIMARY KEY (`id`),
  KEY `audit_logs_table_name_record_id_index` (`table_name`,`record_id`),
  KEY `audit_logs_user_id_index` (`user_id`),
  CONSTRAINT `audit_logs_user_id_foreign` FOREIGN KEY (`user_id`) REFERENCES `users` (`id`) ON DELETE SET NULL
) ENGINE=InnoDB DEFAULT CHARSET=utf8mb4 COLLATE=utf8mb4_unicode_ci;

-- Dumping data for table si-rtrw.audit_logs: ~0 rows (approximately)

-- Dumping structure for table si-rtrw.cache
CREATE TABLE IF NOT EXISTS `cache` (
  `key` varchar(255) NOT NULL,
  `value` mediumtext NOT NULL,
  `expiration` int(11) NOT NULL,
  PRIMARY KEY (`key`)
) ENGINE=InnoDB DEFAULT CHARSET=utf8mb4 COLLATE=utf8mb4_unicode_ci;

-- Dumping data for table si-rtrw.cache: ~0 rows (approximately)

-- Dumping structure for table si-rtrw.cache_locks
CREATE TABLE IF NOT EXISTS `cache_locks` (
  `key` varchar(255) NOT NULL,
  `owner` varchar(255) NOT NULL,
  `expiration` int(11) NOT NULL,
  PRIMARY KEY (`key`)
) ENGINE=InnoDB DEFAULT CHARSET=utf8mb4 COLLATE=utf8mb4_unicode_ci;

-- Dumping data for table si-rtrw.cache_locks: ~0 rows (approximately)

-- Dumping structure for table si-rtrw.failed_jobs
CREATE TABLE IF NOT EXISTS `failed_jobs` (
  `id` bigint(20) unsigned NOT NULL AUTO_INCREMENT,
  `uuid` varchar(255) NOT NULL,
  `connection` text NOT NULL,
  `queue` text NOT NULL,
  `payload` longtext NOT NULL,
  `exception` longtext NOT NULL,
  `failed_at` timestamp NOT NULL DEFAULT current_timestamp(),
  PRIMARY KEY (`id`),
  UNIQUE KEY `failed_jobs_uuid_unique` (`uuid`)
) ENGINE=InnoDB DEFAULT CHARSET=utf8mb4 COLLATE=utf8mb4_unicode_ci;

-- Dumping data for table si-rtrw.failed_jobs: ~0 rows (approximately)

-- Dumping structure for table si-rtrw.iuran_instances
CREATE TABLE IF NOT EXISTS `iuran_instances` (
  `id` bigint(20) unsigned NOT NULL AUTO_INCREMENT,
  `template_id` bigint(20) unsigned NOT NULL,
  `periode` varchar(32) DEFAULT NULL,
  `due_date` date DEFAULT NULL,
  `nominal` decimal(15,2) NOT NULL DEFAULT 0.00,
  `status` varchar(50) NOT NULL DEFAULT 'open',
  `created_at` timestamp NULL DEFAULT NULL,
  `updated_at` timestamp NULL DEFAULT NULL,
  `deleted_at` timestamp NULL DEFAULT NULL,
  PRIMARY KEY (`id`),
  KEY `iuran_instances_template_id_index` (`template_id`),
  KEY `iuran_instances_periode_index` (`periode`),
  CONSTRAINT `iuran_instances_template_id_foreign` FOREIGN KEY (`template_id`) REFERENCES `iuran_templates` (`id`) ON DELETE CASCADE
) ENGINE=InnoDB AUTO_INCREMENT=77 DEFAULT CHARSET=utf8mb4 COLLATE=utf8mb4_unicode_ci;

-- Dumping data for table si-rtrw.iuran_instances: ~76 rows (approximately)
INSERT INTO `iuran_instances` (`id`, `template_id`, `periode`, `due_date`, `nominal`, `status`, `created_at`, `updated_at`, `deleted_at`) VALUES
	(1, 1, '2025-01', '2025-01-10', 50000.00, 'aktif', '2025-12-06 11:18:34', '2025-12-06 11:18:34', NULL),
	(2, 1, '2025-02', '2025-02-10', 50000.00, 'aktif', '2025-12-06 11:18:34', '2025-12-06 11:18:34', NULL),
	(3, 3, '2025-01', '2025-01-10', 50000.00, 'aktif', '2025-12-06 11:25:59', '2025-12-06 11:25:59', NULL),
	(4, 3, '2025-02', '2025-02-10', 50000.00, 'aktif', '2025-12-06 11:25:59', '2025-12-06 11:25:59', NULL),
	(5, 5, '2025-01', '2025-01-10', 50000.00, 'aktif', '2025-12-07 07:28:49', '2025-12-07 07:28:49', NULL),
	(6, 5, '2025-02', '2025-02-10', 50000.00, 'aktif', '2025-12-07 07:28:49', '2025-12-07 07:28:49', NULL),
	(7, 5, '2025-03', '2025-03-10', 50000.00, 'aktif', '2025-12-07 07:28:49', '2025-12-07 07:28:49', NULL),
	(8, 5, '2025-04', '2025-04-10', 50000.00, 'aktif', '2025-12-07 07:28:49', '2025-12-07 07:28:49', NULL),
	(9, 5, '2025-05', '2025-05-10', 50000.00, 'aktif', '2025-12-07 07:28:49', '2025-12-07 07:28:49', NULL),
	(10, 5, '2025-06', '2025-06-10', 50000.00, 'aktif', '2025-12-07 07:28:49', '2025-12-07 07:28:49', NULL),
	(11, 5, '2025-07', '2025-07-10', 50000.00, 'aktif', '2025-12-07 07:28:49', '2025-12-07 07:28:49', NULL),
	(12, 5, '2025-08', '2025-08-10', 50000.00, 'aktif', '2025-12-07 07:28:49', '2025-12-07 07:28:49', NULL),
	(13, 5, '2025-09', '2025-09-10', 50000.00, 'aktif', '2025-12-07 07:28:49', '2025-12-07 07:28:49', NULL),
	(14, 5, '2025-10', '2025-10-10', 50000.00, 'aktif', '2025-12-07 07:28:49', '2025-12-07 07:28:49', NULL),
	(15, 5, '2025-11', '2025-11-10', 50000.00, 'aktif', '2025-12-07 07:28:49', '2025-12-07 07:28:49', NULL),
	(16, 5, '2025-12', '2025-12-10', 50000.00, 'aktif', '2025-12-07 07:28:49', '2025-12-07 07:28:49', NULL),
	(17, 6, '2025-01', '2025-01-10', 30000.00, 'aktif', '2025-12-07 07:28:49', '2025-12-07 07:28:49', NULL),
	(18, 6, '2025-02', '2025-02-10', 30000.00, 'aktif', '2025-12-07 07:28:49', '2025-12-07 07:28:49', NULL),
	(19, 6, '2025-03', '2025-03-10', 30000.00, 'aktif', '2025-12-07 07:28:49', '2025-12-07 07:28:49', NULL),
	(20, 6, '2025-04', '2025-04-10', 30000.00, 'aktif', '2025-12-07 07:28:49', '2025-12-07 07:28:49', NULL),
	(21, 6, '2025-05', '2025-05-10', 30000.00, 'aktif', '2025-12-07 07:28:49', '2025-12-07 07:28:49', NULL),
	(22, 6, '2025-06', '2025-06-10', 30000.00, 'aktif', '2025-12-07 07:28:49', '2025-12-07 07:28:49', NULL),
	(23, 6, '2025-07', '2025-07-10', 30000.00, 'aktif', '2025-12-07 07:28:49', '2025-12-07 07:28:49', NULL),
	(24, 6, '2025-08', '2025-08-10', 30000.00, 'aktif', '2025-12-07 07:28:49', '2025-12-07 07:28:49', NULL),
	(25, 6, '2025-09', '2025-09-10', 30000.00, 'aktif', '2025-12-07 07:28:49', '2025-12-07 07:28:49', NULL),
	(26, 6, '2025-10', '2025-10-10', 30000.00, 'aktif', '2025-12-07 07:28:49', '2025-12-07 07:28:49', NULL),
	(27, 6, '2025-11', '2025-11-10', 30000.00, 'aktif', '2025-12-07 07:28:49', '2025-12-07 07:28:49', NULL),
	(28, 6, '2025-12', '2025-12-10', 30000.00, 'aktif', '2025-12-07 07:28:49', '2025-12-07 07:28:49', NULL),
	(29, 7, '2025-01', '2025-01-10', 40000.00, 'aktif', '2025-12-07 07:28:49', '2025-12-07 07:28:49', NULL),
	(30, 7, '2025-02', '2025-02-10', 40000.00, 'aktif', '2025-12-07 07:28:49', '2025-12-07 07:28:49', NULL),
	(31, 7, '2025-03', '2025-03-10', 40000.00, 'aktif', '2025-12-07 07:28:49', '2025-12-07 07:28:49', NULL),
	(32, 7, '2025-04', '2025-04-10', 40000.00, 'aktif', '2025-12-07 07:28:49', '2025-12-07 07:28:49', NULL),
	(33, 7, '2025-05', '2025-05-10', 40000.00, 'aktif', '2025-12-07 07:28:49', '2025-12-07 07:28:49', NULL),
	(34, 7, '2025-06', '2025-06-10', 40000.00, 'aktif', '2025-12-07 07:28:49', '2025-12-07 07:28:49', NULL),
	(35, 7, '2025-07', '2025-07-10', 40000.00, 'aktif', '2025-12-07 07:28:49', '2025-12-07 07:28:49', NULL),
	(36, 7, '2025-08', '2025-08-10', 40000.00, 'aktif', '2025-12-07 07:28:49', '2025-12-07 07:28:49', NULL),
	(37, 7, '2025-09', '2025-09-10', 40000.00, 'aktif', '2025-12-07 07:28:49', '2025-12-07 07:28:49', NULL),
	(38, 7, '2025-10', '2025-10-10', 40000.00, 'aktif', '2025-12-07 07:28:49', '2025-12-07 07:28:49', NULL),
	(39, 7, '2025-11', '2025-11-10', 40000.00, 'aktif', '2025-12-07 07:28:49', '2025-12-07 07:28:49', NULL),
	(40, 7, '2025-12', '2025-12-10', 40000.00, 'aktif', '2025-12-07 07:28:49', '2025-12-07 07:28:49', NULL),
	(41, 8, '2025-01', '2025-01-10', 20000.00, 'aktif', '2025-12-07 07:28:49', '2025-12-07 07:28:49', NULL),
	(42, 8, '2025-02', '2025-02-10', 20000.00, 'aktif', '2025-12-07 07:28:49', '2025-12-07 07:28:49', NULL),
	(43, 8, '2025-03', '2025-03-10', 20000.00, 'aktif', '2025-12-07 07:28:49', '2025-12-07 07:28:49', NULL),
	(44, 8, '2025-04', '2025-04-10', 20000.00, 'aktif', '2025-12-07 07:28:49', '2025-12-07 07:28:49', NULL),
	(45, 8, '2025-05', '2025-05-10', 20000.00, 'aktif', '2025-12-07 07:28:49', '2025-12-07 07:28:49', NULL),
	(46, 8, '2025-06', '2025-06-10', 20000.00, 'aktif', '2025-12-07 07:28:49', '2025-12-07 07:28:49', NULL),
	(47, 8, '2025-07', '2025-07-10', 20000.00, 'aktif', '2025-12-07 07:28:49', '2025-12-07 07:28:49', NULL),
	(48, 8, '2025-08', '2025-08-10', 20000.00, 'aktif', '2025-12-07 07:28:49', '2025-12-07 07:28:49', NULL),
	(49, 8, '2025-09', '2025-09-10', 20000.00, 'aktif', '2025-12-07 07:28:49', '2025-12-07 07:28:49', NULL),
	(50, 8, '2025-10', '2025-10-10', 20000.00, 'aktif', '2025-12-07 07:28:49', '2025-12-07 07:28:49', NULL),
	(51, 8, '2025-11', '2025-11-10', 20000.00, 'aktif', '2025-12-07 07:28:49', '2025-12-07 07:28:49', NULL),
	(52, 8, '2025-12', '2025-12-10', 20000.00, 'aktif', '2025-12-07 07:28:49', '2025-12-07 07:28:49', NULL),
	(53, 9, '2025-01', '2025-01-10', 25000.00, 'aktif', '2025-12-07 07:28:49', '2025-12-07 07:28:49', NULL),
	(54, 9, '2025-02', '2025-02-10', 25000.00, 'aktif', '2025-12-07 07:28:49', '2025-12-07 07:28:49', NULL),
	(55, 9, '2025-03', '2025-03-10', 25000.00, 'aktif', '2025-12-07 07:28:49', '2025-12-07 07:28:49', NULL),
	(56, 9, '2025-04', '2025-04-10', 25000.00, 'aktif', '2025-12-07 07:28:49', '2025-12-07 07:28:49', NULL),
	(57, 9, '2025-05', '2025-05-10', 25000.00, 'aktif', '2025-12-07 07:28:49', '2025-12-07 07:28:49', NULL),
	(58, 9, '2025-06', '2025-06-10', 25000.00, 'aktif', '2025-12-07 07:28:49', '2025-12-07 07:28:49', NULL),
	(59, 9, '2025-07', '2025-07-10', 25000.00, 'aktif', '2025-12-07 07:28:49', '2025-12-07 07:28:49', NULL),
	(60, 9, '2025-08', '2025-08-10', 25000.00, 'aktif', '2025-12-07 07:28:49', '2025-12-07 07:28:49', NULL),
	(61, 9, '2025-09', '2025-09-10', 25000.00, 'aktif', '2025-12-07 07:28:49', '2025-12-07 07:28:49', NULL),
	(62, 9, '2025-10', '2025-10-10', 25000.00, 'aktif', '2025-12-07 07:28:49', '2025-12-07 07:28:49', NULL),
	(63, 9, '2025-11', '2025-11-10', 25000.00, 'aktif', '2025-12-07 07:28:49', '2025-12-07 07:28:49', NULL),
	(64, 9, '2025-12', '2025-12-10', 25000.00, 'aktif', '2025-12-07 07:28:49', '2025-12-07 07:28:49', NULL),
	(65, 10, '2025-01', '2025-01-10', 15000.00, 'aktif', '2025-12-07 07:28:49', '2025-12-07 07:28:49', NULL),
	(66, 10, '2025-02', '2025-02-10', 15000.00, 'aktif', '2025-12-07 07:28:49', '2025-12-07 07:28:49', NULL),
	(67, 10, '2025-03', '2025-03-10', 15000.00, 'aktif', '2025-12-07 07:28:49', '2025-12-07 07:28:49', NULL),
	(68, 10, '2025-04', '2025-04-10', 15000.00, 'aktif', '2025-12-07 07:28:49', '2025-12-07 07:28:49', NULL),
	(69, 10, '2025-05', '2025-05-10', 15000.00, 'aktif', '2025-12-07 07:28:49', '2025-12-07 07:28:49', NULL),
	(70, 10, '2025-06', '2025-06-10', 15000.00, 'aktif', '2025-12-07 07:28:49', '2025-12-07 07:28:49', NULL),
	(71, 10, '2025-07', '2025-07-10', 15000.00, 'aktif', '2025-12-07 07:28:49', '2025-12-07 07:28:49', NULL),
	(72, 10, '2025-08', '2025-08-10', 15000.00, 'aktif', '2025-12-07 07:28:49', '2025-12-07 07:28:49', NULL),
	(73, 10, '2025-09', '2025-09-10', 15000.00, 'aktif', '2025-12-07 07:28:49', '2025-12-07 07:28:49', NULL),
	(74, 10, '2025-10', '2025-10-10', 15000.00, 'aktif', '2025-12-07 07:28:49', '2025-12-07 07:28:49', NULL),
	(75, 10, '2025-11', '2025-11-10', 15000.00, 'aktif', '2025-12-07 07:28:49', '2025-12-07 07:28:49', NULL),
	(76, 10, '2025-12', '2025-12-10', 15000.00, 'aktif', '2025-12-07 07:28:49', '2025-12-07 07:28:49', NULL);

-- Dumping structure for table si-rtrw.iuran_templates
CREATE TABLE IF NOT EXISTS `iuran_templates` (
  `id` bigint(20) unsigned NOT NULL AUTO_INCREMENT,
  `nama` varchar(191) NOT NULL,
  `jenis` varchar(100) DEFAULT NULL,
  `nominal_default` decimal(15,2) NOT NULL DEFAULT 0.00,
  `keterangan` text DEFAULT NULL,
  `kategori_keuangan_id` bigint(20) unsigned DEFAULT NULL,
  `created_at` timestamp NULL DEFAULT NULL,
  `updated_at` timestamp NULL DEFAULT NULL,
  `deleted_at` timestamp NULL DEFAULT NULL,
  PRIMARY KEY (`id`),
  KEY `iuran_templates_kategori_keuangan_id_foreign` (`kategori_keuangan_id`),
  CONSTRAINT `iuran_templates_kategori_keuangan_id_foreign` FOREIGN KEY (`kategori_keuangan_id`) REFERENCES `kategori_keuangan` (`id`) ON DELETE SET NULL
) ENGINE=InnoDB AUTO_INCREMENT=11 DEFAULT CHARSET=utf8mb4 COLLATE=utf8mb4_unicode_ci;

-- Dumping data for table si-rtrw.iuran_templates: ~10 rows (approximately)
INSERT INTO `iuran_templates` (`id`, `nama`, `jenis`, `nominal_default`, `keterangan`, `kategori_keuangan_id`, `created_at`, `updated_at`, `deleted_at`) VALUES
	(1, 'Iuran Kebersihan Bulanan', 'Bulanan', 50000.00, 'Iuran rutin bulanan untuk kas kebersihan lingkungan.', 1, '2025-12-06 11:18:34', '2025-12-06 11:18:34', NULL),
	(2, 'Iuran Keamanan', 'Bulanan', 30000.00, 'Iuran untuk operasional keamanan dan ronda.', 1, '2025-12-06 11:18:34', '2025-12-06 11:18:34', NULL),
	(3, 'Iuran Kebersihan Bulanan', 'Bulanan', 50000.00, 'Iuran rutin bulanan untuk kas kebersihan lingkungan.', 1, '2025-12-06 11:25:59', '2025-12-06 11:25:59', NULL),
	(4, 'Iuran Keamanan', 'Bulanan', 30000.00, 'Iuran untuk operasional keamanan dan ronda.', 1, '2025-12-06 11:25:59', '2025-12-06 11:25:59', NULL),
	(5, 'Iuran Kebersihan', 'Bulanan', 50000.00, NULL, 1, '2025-12-07 07:28:49', '2025-12-07 07:28:49', NULL),
	(6, 'Iuran Keamanan', 'Bulanan', 30000.00, NULL, 1, '2025-12-07 07:28:49', '2025-12-07 07:28:49', NULL),
	(7, 'Iuran Jalan', 'Bulanan', 40000.00, NULL, 1, '2025-12-07 07:28:49', '2025-12-07 07:28:49', NULL),
	(8, 'Iuran Sosial', 'Bulanan', 20000.00, NULL, 1, '2025-12-07 07:28:49', '2025-12-07 07:28:49', NULL),
	(9, 'Sumbangan Kegiatan', 'Bulanan', 25000.00, NULL, 1, '2025-12-07 07:28:49', '2025-12-07 07:28:49', NULL),
	(10, 'Iuran Lampu Jalan', 'Bulanan', 15000.00, NULL, 1, '2025-12-07 07:28:49', '2025-12-07 07:28:49', NULL);

-- Dumping structure for table si-rtrw.jobs
CREATE TABLE IF NOT EXISTS `jobs` (
  `id` bigint(20) unsigned NOT NULL AUTO_INCREMENT,
  `queue` varchar(255) NOT NULL,
  `payload` longtext NOT NULL,
  `attempts` tinyint(3) unsigned NOT NULL,
  `reserved_at` int(10) unsigned DEFAULT NULL,
  `available_at` int(10) unsigned NOT NULL,
  `created_at` int(10) unsigned NOT NULL,
  PRIMARY KEY (`id`),
  KEY `jobs_queue_index` (`queue`)
) ENGINE=InnoDB DEFAULT CHARSET=utf8mb4 COLLATE=utf8mb4_unicode_ci;

-- Dumping data for table si-rtrw.jobs: ~0 rows (approximately)

-- Dumping structure for table si-rtrw.job_batches
CREATE TABLE IF NOT EXISTS `job_batches` (
  `id` varchar(255) NOT NULL,
  `name` varchar(255) NOT NULL,
  `total_jobs` int(11) NOT NULL,
  `pending_jobs` int(11) NOT NULL,
  `failed_jobs` int(11) NOT NULL,
  `failed_job_ids` longtext NOT NULL,
  `options` mediumtext DEFAULT NULL,
  `cancelled_at` int(11) DEFAULT NULL,
  `created_at` int(11) NOT NULL,
  `finished_at` int(11) DEFAULT NULL,
  PRIMARY KEY (`id`)
) ENGINE=InnoDB DEFAULT CHARSET=utf8mb4 COLLATE=utf8mb4_unicode_ci;

-- Dumping data for table si-rtrw.job_batches: ~0 rows (approximately)

-- Dumping structure for table si-rtrw.kartu_keluarga
CREATE TABLE IF NOT EXISTS `kartu_keluarga` (
  `id` bigint(20) unsigned NOT NULL AUTO_INCREMENT,
  `no_kk` varchar(64) NOT NULL,
  `alamat` text DEFAULT NULL,
  `rt` varchar(10) DEFAULT NULL,
  `rw` varchar(10) DEFAULT NULL,
  `kepala_keluarga` varchar(191) DEFAULT NULL,
  `tanggal_dibuat` date DEFAULT NULL,
  `created_at` timestamp NULL DEFAULT NULL,
  `updated_at` timestamp NULL DEFAULT NULL,
  `deleted_at` timestamp NULL DEFAULT NULL,
  PRIMARY KEY (`id`),
  UNIQUE KEY `kartu_keluarga_no_kk_unique` (`no_kk`),
  KEY `kartu_keluarga_rt_index` (`rt`),
  KEY `kartu_keluarga_rw_index` (`rw`)
) ENGINE=InnoDB AUTO_INCREMENT=20 DEFAULT CHARSET=utf8mb4 COLLATE=utf8mb4_unicode_ci;

-- Dumping data for table si-rtrw.kartu_keluarga: ~19 rows (approximately)
INSERT INTO `kartu_keluarga` (`id`, `no_kk`, `alamat`, `rt`, `rw`, `kepala_keluarga`, `tanggal_dibuat`, `created_at`, `updated_at`, `deleted_at`) VALUES
	(1, '32733180158705', 'Jl. Melati No. 10', '05', '03', 'Widya Pratiwi', '2020-12-06', '2025-12-06 11:18:34', '2025-12-06 11:18:34', NULL),
	(2, '32733227990419', 'Jl. Melati No. 12', '05', '03', 'Hartaka Ramadan S.E.', '2022-12-06', '2025-12-06 11:18:34', '2025-12-06 11:18:34', NULL),
	(3, '32734879259420', 'Jl. Melati No. 10', '05', '03', 'Wardi Rajata S.Psi', '2020-12-06', '2025-12-06 11:25:59', '2025-12-06 11:25:59', NULL),
	(4, '32739840386357', 'Jl. Melati No. 12', '05', '03', 'Dirja Rendy Wibisono', '2022-12-06', '2025-12-06 11:25:59', '2025-12-06 11:25:59', NULL),
	(5, '32735183035311', 'Jl. Melati No. 28', '05', '03', 'Hendra Rajata S.Farm', '2024-12-07', '2025-12-07 07:28:49', '2025-12-07 07:28:49', NULL),
	(6, '32737904202189', 'Jl. Melati No. 5', '05', '03', 'Elvin Wasita', '2020-12-07', '2025-12-07 07:28:49', '2025-12-07 07:28:49', NULL),
	(7, '32739530306173', 'Jl. Melati No. 8', '05', '03', 'Zulaikha Victoria Hariyah S.E.I', '2016-12-07', '2025-12-07 07:28:49', '2025-12-07 07:28:49', NULL),
	(8, '32739227192904', 'Jl. Melati No. 5', '05', '03', 'Saiful Lembah Nashiruddin S.Pd', '2016-12-07', '2025-12-07 07:28:49', '2025-12-07 07:28:49', NULL),
	(9, '32734223103166', 'Jl. Melati No. 27', '05', '03', 'Cawisono Adriansyah', '2023-12-07', '2025-12-07 07:28:49', '2025-12-07 07:28:49', NULL),
	(10, '32736213420178', 'Jl. Melati No. 11', '05', '03', 'Kairav Latupono S.Farm', '2017-12-07', '2025-12-07 07:28:49', '2025-12-07 07:28:49', NULL),
	(11, '32733205263439', 'Jl. Melati No. 27', '05', '03', 'Garang Sitompul', '2019-12-07', '2025-12-07 07:28:49', '2025-12-07 07:28:49', NULL),
	(12, '32734445348106', 'Jl. Melati No. 21', '05', '03', 'Gilda Anggraini', '2016-12-07', '2025-12-07 07:28:49', '2025-12-07 07:28:49', NULL),
	(13, '32731385709510', 'Jl. Melati No. 27', '05', '03', 'Hasta Hidayat S.Kom', '2016-12-07', '2025-12-07 07:28:49', '2025-12-07 07:28:49', NULL),
	(14, '32736209630452', 'Jl. Melati No. 40', '05', '03', 'Puji Kani Mandasari S.H.', '2016-12-07', '2025-12-07 07:28:49', '2025-12-07 07:28:49', NULL),
	(15, '32731085616511', 'Jl. Melati No. 19', '05', '03', 'Vicky Wastuti', '2016-12-07', '2025-12-07 07:28:49', '2025-12-07 07:28:49', NULL),
	(16, '32731813137182', 'Jl. Melati No. 23', '05', '03', 'Malik Jailani', '2018-12-07', '2025-12-07 07:28:49', '2025-12-07 07:28:49', NULL),
	(17, '32738740246306', 'Jl. Melati No. 26', '05', '03', 'Almira Cinthia Hastuti', '2018-12-07', '2025-12-07 07:28:49', '2025-12-07 07:28:49', NULL),
	(18, '32734460250816', 'Jl. Melati No. 40', '05', '03', 'Galang Maryadi Mahendra S.Kom', '2016-12-07', '2025-12-07 07:28:49', '2025-12-07 07:28:49', NULL),
	(19, '32730966260093', 'Jl. Melati No. 11', '05', '03', 'Okta Situmorang S.Psi', '2018-12-07', '2025-12-07 07:28:49', '2025-12-07 07:28:49', NULL);

-- Dumping structure for table si-rtrw.kas
CREATE TABLE IF NOT EXISTS `kas` (
  `id` bigint(20) unsigned NOT NULL AUTO_INCREMENT,
  `tanggal` date NOT NULL,
  `tipe` enum('masuk','keluar') NOT NULL,
  `kategori` varchar(255) NOT NULL,
  `kategori_id` bigint(20) unsigned DEFAULT NULL,
  `nominal` int(11) NOT NULL,
  `keterangan` text DEFAULT NULL,
  `recorded_by` bigint(20) unsigned DEFAULT NULL,
  `deleted_at` timestamp NULL DEFAULT NULL,
  `created_at` timestamp NULL DEFAULT NULL,
  `updated_at` timestamp NULL DEFAULT NULL,
  PRIMARY KEY (`id`),
  KEY `kas_recorded_by_foreign` (`recorded_by`),
  KEY `kas_kategori_id_foreign` (`kategori_id`),
  CONSTRAINT `kas_kategori_id_foreign` FOREIGN KEY (`kategori_id`) REFERENCES `kategori_keuangan` (`id`) ON DELETE SET NULL,
  CONSTRAINT `kas_recorded_by_foreign` FOREIGN KEY (`recorded_by`) REFERENCES `users` (`id`) ON DELETE SET NULL
) ENGINE=InnoDB AUTO_INCREMENT=55 DEFAULT CHARSET=utf8mb4 COLLATE=utf8mb4_unicode_ci;

-- Dumping data for table si-rtrw.kas: ~54 rows (approximately)
INSERT INTO `kas` (`id`, `tanggal`, `tipe`, `kategori`, `kategori_id`, `nominal`, `keterangan`, `recorded_by`, `deleted_at`, `created_at`, `updated_at`) VALUES
	(1, '2025-11-26', 'masuk', 'Iuran Warga', 1, 500000, 'Setoran iuran kebersihan bulan Januari.', 3, NULL, '2025-12-06 11:18:34', '2025-12-06 11:18:34'),
	(2, '2025-12-01', 'keluar', 'Pembelian Peralatan', 3, 200000, 'Pembelian sapu, cangkul, dan kantong sampah.', 3, NULL, '2025-12-06 11:18:34', '2025-12-06 11:18:34'),
	(3, '2025-11-26', 'masuk', 'Iuran Warga', 1, 500000, 'Setoran iuran kebersihan bulan Januari.', 3, NULL, '2025-12-06 11:25:59', '2025-12-06 11:25:59'),
	(4, '2025-12-01', 'keluar', 'Pembelian Peralatan', 3, 200000, 'Pembelian sapu, cangkul, dan kantong sampah.', 3, NULL, '2025-12-06 11:25:59', '2025-12-06 11:25:59'),
	(5, '2025-09-03', 'masuk', 'Kegiatan', 1, 139431, 'Unde culpa earum praesentium ad voluptatem.', 3, NULL, '2025-12-07 07:28:49', '2025-12-07 07:28:49'),
	(6, '2025-12-04', 'keluar', 'Kegiatan', 1, 40297, 'Soluta a ut quibusdam provident.', 3, NULL, '2025-12-07 07:28:49', '2025-12-07 07:28:49'),
	(7, '2025-11-14', 'keluar', 'Dana Sosial', 1, 51723, 'Velit sit rem ea ut.', 3, NULL, '2025-12-07 07:28:49', '2025-12-07 07:28:49'),
	(8, '2025-08-13', 'masuk', 'Dana Sosial', 1, 28040, 'Quos hic neque eum non debitis sunt aliquam occaecati.', 3, NULL, '2025-12-07 07:28:49', '2025-12-07 07:28:49'),
	(9, '2025-09-28', 'keluar', 'Dana Sosial', 1, 126777, 'Ipsam atque sequi perspiciatis voluptate voluptatem ad praesentium.', 3, NULL, '2025-12-07 07:28:49', '2025-12-07 07:28:49'),
	(10, '2025-11-24', 'masuk', 'Kegiatan', 1, 112182, 'Sed magnam illo quo natus.', 3, NULL, '2025-12-07 07:28:49', '2025-12-07 07:28:49'),
	(11, '2025-10-01', 'masuk', 'Dana Sosial', 1, 47954, 'Impedit ut occaecati quia esse quisquam nisi dolorem nam.', 3, NULL, '2025-12-07 07:28:49', '2025-12-07 07:28:49'),
	(12, '2025-10-02', 'keluar', 'Iuran Warga', 1, 52334, 'Quo qui expedita vel sunt eum commodi.', 3, NULL, '2025-12-07 07:28:49', '2025-12-07 07:28:49'),
	(13, '2025-09-21', 'keluar', 'Iuran Warga', 1, 49404, 'Ab illo quia quas minus natus accusantium distinctio.', 3, NULL, '2025-12-07 07:28:49', '2025-12-07 07:28:49'),
	(14, '2025-09-06', 'masuk', 'Iuran Warga', 1, 168689, 'Tenetur tenetur excepturi facilis repellendus dolor eos repudiandae.', 3, NULL, '2025-12-07 07:28:49', '2025-12-07 07:28:49'),
	(15, '2025-10-07', 'keluar', 'Dana Sosial', 1, 143007, 'Nesciunt explicabo dolorum laudantium maxime qui dolorem officia facilis.', 3, NULL, '2025-12-07 07:28:49', '2025-12-07 07:28:49'),
	(16, '2025-10-19', 'masuk', 'Dana Sosial', 1, 116721, 'Culpa corporis qui eum porro sed et nam.', 3, NULL, '2025-12-07 07:28:49', '2025-12-07 07:28:49'),
	(17, '2025-08-16', 'masuk', 'Kegiatan', 1, 102476, 'Qui dolorem sunt non in et quia.', 3, NULL, '2025-12-07 07:28:49', '2025-12-07 07:28:49'),
	(18, '2025-11-06', 'masuk', 'Kegiatan', 1, 183356, 'Minima perspiciatis voluptatem sed accusantium.', 3, NULL, '2025-12-07 07:28:49', '2025-12-07 07:28:49'),
	(19, '2025-09-12', 'keluar', 'Iuran Warga', 1, 71867, 'Aspernatur dolores suscipit officia qui ut cupiditate.', 3, NULL, '2025-12-07 07:28:49', '2025-12-07 07:28:49'),
	(20, '2025-08-29', 'masuk', 'Iuran Warga', 1, 150769, 'Similique aperiam ut qui sit nostrum.', 3, NULL, '2025-12-07 07:28:49', '2025-12-07 07:28:49'),
	(21, '2025-09-27', 'keluar', 'Dana Sosial', 1, 177957, 'Dolor voluptates voluptatem excepturi quaerat amet fuga.', 3, NULL, '2025-12-07 07:28:49', '2025-12-07 07:28:49'),
	(22, '2025-11-11', 'keluar', 'Dana Sosial', 1, 23900, 'Et nihil quaerat officiis iure atque fuga.', 3, NULL, '2025-12-07 07:28:49', '2025-12-07 07:28:49'),
	(23, '2025-11-08', 'keluar', 'Dana Sosial', 1, 25908, 'Cupiditate eos placeat recusandae sit iusto unde.', 3, NULL, '2025-12-07 07:28:49', '2025-12-07 07:28:49'),
	(24, '2025-08-09', 'keluar', 'Kegiatan', 1, 183097, 'Recusandae optio aut commodi inventore dolorum eius fuga.', 3, NULL, '2025-12-07 07:28:49', '2025-12-07 07:28:49'),
	(25, '2025-09-06', 'keluar', 'Iuran Warga', 1, 66747, 'Itaque corrupti molestias suscipit omnis expedita illum maiores.', 3, NULL, '2025-12-07 07:28:49', '2025-12-07 07:28:49'),
	(26, '2025-08-30', 'keluar', 'Iuran Warga', 1, 154668, 'Eius quasi vero quia tenetur esse error laboriosam.', 3, NULL, '2025-12-07 07:28:49', '2025-12-07 07:28:49'),
	(27, '2025-11-23', 'masuk', 'Iuran Warga', 1, 182735, 'Dolores ea animi maiores dolorem sunt officiis.', 3, NULL, '2025-12-07 07:28:49', '2025-12-07 07:28:49'),
	(28, '2025-09-10', 'keluar', 'Dana Sosial', 1, 98066, 'Quos adipisci sint neque necessitatibus dolore.', 3, NULL, '2025-12-07 07:28:49', '2025-12-07 07:28:49'),
	(29, '2025-08-17', 'keluar', 'Dana Sosial', 1, 158930, 'Sed pariatur qui nam.', 3, NULL, '2025-12-07 07:28:49', '2025-12-07 07:28:49'),
	(30, '2025-09-29', 'keluar', 'Dana Sosial', 1, 184866, 'Totam temporibus sed quia earum quidem at.', 3, NULL, '2025-12-07 07:28:49', '2025-12-07 07:28:49'),
	(31, '2025-10-04', 'masuk', 'Iuran Warga', 1, 121477, 'Similique molestias optio inventore illo aperiam velit.', 3, NULL, '2025-12-07 07:28:49', '2025-12-07 07:28:49'),
	(32, '2025-09-10', 'keluar', 'Dana Sosial', 1, 90961, 'Dolor nam ut corporis voluptatem consequatur.', 3, NULL, '2025-12-07 07:28:49', '2025-12-07 07:28:49'),
	(33, '2025-09-14', 'masuk', 'Dana Sosial', 1, 115376, 'Quaerat dolorem consequatur quis molestiae velit.', 3, NULL, '2025-12-07 07:28:50', '2025-12-07 07:28:50'),
	(34, '2025-10-04', 'masuk', 'Kegiatan', 1, 180843, 'Libero et repudiandae distinctio quam quibusdam reiciendis molestiae.', 3, NULL, '2025-12-07 07:28:50', '2025-12-07 07:28:50'),
	(35, '2025-09-27', 'keluar', 'Kegiatan', 1, 184157, 'Ducimus dolorum blanditiis suscipit quas veniam culpa et enim.', 3, NULL, '2025-12-07 07:28:50', '2025-12-07 07:28:50'),
	(36, '2025-11-30', 'masuk', 'Kegiatan', 1, 182601, 'Fuga praesentium repellat est.', 3, NULL, '2025-12-07 07:28:50', '2025-12-07 07:28:50'),
	(37, '2025-11-17', 'keluar', 'Iuran Warga', 1, 124014, 'Et tempore et voluptates.', 3, NULL, '2025-12-07 07:28:50', '2025-12-07 07:28:50'),
	(38, '2025-09-21', 'masuk', 'Dana Sosial', 1, 108523, 'Sapiente sequi amet sunt quibusdam.', 3, NULL, '2025-12-07 07:28:50', '2025-12-07 07:28:50'),
	(39, '2025-08-28', 'keluar', 'Kegiatan', 1, 80795, 'Expedita rerum ipsum consequuntur perferendis nesciunt quis sit nesciunt.', 3, NULL, '2025-12-07 07:28:50', '2025-12-07 07:28:50'),
	(40, '2025-09-04', 'keluar', 'Iuran Warga', 1, 123943, 'Placeat sapiente distinctio beatae magnam repellendus dolor.', 3, NULL, '2025-12-07 07:28:50', '2025-12-07 07:28:50'),
	(41, '2025-10-16', 'masuk', 'Iuran Warga', 1, 182847, 'Sint nulla voluptas repellat quasi.', 3, NULL, '2025-12-07 07:28:50', '2025-12-07 07:28:50'),
	(42, '2025-11-11', 'masuk', 'Dana Sosial', 1, 23936, 'Non unde eum consectetur ratione repellendus ipsum quisquam numquam.', 3, NULL, '2025-12-07 07:28:50', '2025-12-07 07:28:50'),
	(43, '2025-11-07', 'keluar', 'Dana Sosial', 1, 26338, 'Iure voluptates dignissimos nisi in.', 3, NULL, '2025-12-07 07:28:50', '2025-12-07 07:28:50'),
	(44, '2025-09-03', 'keluar', 'Iuran Warga', 1, 41103, 'Sit qui omnis aliquam aut quo.', 3, NULL, '2025-12-07 07:28:50', '2025-12-07 07:28:50'),
	(45, '2025-08-27', 'keluar', 'Kegiatan', 1, 15530, 'Quos eveniet exercitationem quidem soluta aut.', 3, NULL, '2025-12-07 07:28:50', '2025-12-07 07:28:50'),
	(46, '2025-10-10', 'keluar', 'Kegiatan', 1, 199031, 'Eligendi consequatur ipsum error rem.', 3, NULL, '2025-12-07 07:28:50', '2025-12-07 07:28:50'),
	(47, '2025-09-12', 'keluar', 'Dana Sosial', 1, 102931, 'Rem voluptatem ab et in rerum illum.', 3, NULL, '2025-12-07 07:28:50', '2025-12-07 07:28:50'),
	(48, '2025-10-05', 'masuk', 'Iuran Warga', 1, 23544, 'Iusto eveniet repudiandae consequuntur enim ad id et.', 3, NULL, '2025-12-07 07:28:50', '2025-12-07 07:28:50'),
	(49, '2025-08-20', 'keluar', 'Dana Sosial', 1, 123658, 'Ratione laborum officiis molestiae et quis magni.', 3, NULL, '2025-12-07 07:28:50', '2025-12-07 07:28:50'),
	(50, '2025-11-20', 'keluar', 'Iuran Warga', 1, 137454, 'Recusandae unde enim maiores reprehenderit.', 3, NULL, '2025-12-07 07:28:50', '2025-12-07 07:28:50'),
	(51, '2025-09-14', 'masuk', 'Iuran Warga', 1, 171506, 'Veritatis consequatur consequatur est.', 3, NULL, '2025-12-07 07:28:50', '2025-12-07 07:28:50'),
	(52, '2025-10-25', 'keluar', 'Kegiatan', 1, 167434, 'Possimus tempora sed quasi corporis corporis voluptatem autem.', 3, NULL, '2025-12-07 07:28:50', '2025-12-07 07:28:50'),
	(53, '2025-09-09', 'masuk', 'Dana Sosial', 1, 132050, 'Dolorem iure provident a voluptates.', 3, NULL, '2025-12-07 07:28:50', '2025-12-07 07:28:50'),
	(54, '2025-11-20', 'keluar', 'Dana Sosial', 1, 43532, 'Velit nulla eius nostrum unde quo est.', 3, NULL, '2025-12-07 07:28:50', '2025-12-07 07:28:50');

-- Dumping structure for table si-rtrw.kategori_keuangan
CREATE TABLE IF NOT EXISTS `kategori_keuangan` (
  `id` bigint(20) unsigned NOT NULL AUTO_INCREMENT,
  `nama` varchar(255) NOT NULL,
  `tipe` enum('masuk','keluar') NOT NULL,
  `kode` varchar(20) DEFAULT NULL,
  `deskripsi` text DEFAULT NULL,
  `is_active` tinyint(1) NOT NULL DEFAULT 1,
  `created_at` timestamp NULL DEFAULT NULL,
  `updated_at` timestamp NULL DEFAULT NULL,
  `deleted_at` timestamp NULL DEFAULT NULL,
  PRIMARY KEY (`id`)
) ENGINE=InnoDB AUTO_INCREMENT=12 DEFAULT CHARSET=utf8mb4 COLLATE=utf8mb4_unicode_ci;

-- Dumping data for table si-rtrw.kategori_keuangan: ~11 rows (approximately)
INSERT INTO `kategori_keuangan` (`id`, `nama`, `tipe`, `kode`, `deskripsi`, `is_active`, `created_at`, `updated_at`, `deleted_at`) VALUES
	(1, 'Iuran Rutin Warga', 'masuk', 'IRW', 'Iuran bulanan rutin untuk kas RT/RW.', 1, '2025-12-06 11:18:33', '2025-12-06 11:18:33', NULL),
	(2, 'Dana Sosial', 'keluar', 'SOS', 'Pengeluaran dana sosial dan bantuan warga.', 1, '2025-12-06 11:18:33', '2025-12-06 11:18:33', NULL),
	(3, 'Dana Kegiatan', 'keluar', 'KGN', 'Dana untuk kegiatan RT/RW.', 1, '2025-12-06 11:18:33', '2025-12-06 11:18:33', NULL),
	(4, 'Iuran Rutin Warga', 'masuk', 'IRW', 'Iuran bulanan rutin untuk kas RT/RW.', 1, '2025-12-06 11:19:14', '2025-12-06 11:19:14', NULL),
	(5, 'Dana Sosial', 'keluar', 'SOS', 'Pengeluaran dana sosial dan bantuan warga.', 1, '2025-12-06 11:19:14', '2025-12-06 11:19:14', NULL),
	(6, 'Dana Kegiatan', 'keluar', 'KGN', 'Dana untuk kegiatan RT/RW.', 1, '2025-12-06 11:19:14', '2025-12-06 11:19:14', NULL),
	(7, 'Iuran Rutin Warga', 'masuk', 'IRW', 'Iuran bulanan rutin untuk kas RT/RW.', 1, '2025-12-06 11:22:39', '2025-12-06 11:22:39', NULL),
	(8, 'Dana Sosial', 'keluar', 'SOS', 'Pengeluaran dana sosial dan bantuan warga.', 1, '2025-12-06 11:22:39', '2025-12-06 11:22:39', NULL),
	(9, 'Dana Kegiatan', 'keluar', 'KGN', 'Dana untuk kegiatan RT/RW.', 1, '2025-12-06 11:22:39', '2025-12-06 11:22:39', NULL),
	(10, 'Donasi Darurat', 'masuk', 'DAR', NULL, 1, '2025-12-07 07:28:48', '2025-12-07 07:28:48', NULL),
	(11, 'Pinjaman Warga', 'keluar', 'PJM', NULL, 1, '2025-12-07 07:28:48', '2025-12-07 07:28:48', NULL);

-- Dumping structure for table si-rtrw.kegiatan
CREATE TABLE IF NOT EXISTS `kegiatan` (
  `id` bigint(20) unsigned NOT NULL AUTO_INCREMENT,
  `nama` varchar(191) NOT NULL,
  `jenis` varchar(100) DEFAULT NULL,
  `tanggal` date DEFAULT NULL,
  `waktu` varchar(50) DEFAULT NULL,
  `lokasi` varchar(191) DEFAULT NULL,
  `keterangan` text DEFAULT NULL,
  `status` varchar(50) NOT NULL DEFAULT 'active',
  `penanggung_jawab_user_id` bigint(20) unsigned DEFAULT NULL,
  `created_at` timestamp NULL DEFAULT NULL,
  `updated_at` timestamp NULL DEFAULT NULL,
  `deleted_at` timestamp NULL DEFAULT NULL,
  PRIMARY KEY (`id`),
  KEY `kegiatan_tanggal_index` (`tanggal`),
  KEY `kegiatan_penanggung_jawab_user_id_index` (`penanggung_jawab_user_id`),
  CONSTRAINT `kegiatan_penanggung_jawab_user_id_foreign` FOREIGN KEY (`penanggung_jawab_user_id`) REFERENCES `users` (`id`) ON DELETE SET NULL
) ENGINE=InnoDB AUTO_INCREMENT=25 DEFAULT CHARSET=utf8mb4 COLLATE=utf8mb4_unicode_ci;

-- Dumping data for table si-rtrw.kegiatan: ~24 rows (approximately)
INSERT INTO `kegiatan` (`id`, `nama`, `jenis`, `tanggal`, `waktu`, `lokasi`, `keterangan`, `status`, `penanggung_jawab_user_id`, `created_at`, `updated_at`, `deleted_at`) VALUES
	(1, 'Kerja Bakti Mingguan', 'Kerja Bakti', '2025-12-13', '07:00', 'Lingkungan RT 05 / RW 03', 'Membersihkan selokan dan lingkungan sekitar.', 'active', 2, '2025-12-06 11:18:34', '2025-12-06 11:18:34', NULL),
	(2, 'Rapat Bulanan Warga', 'Rapat', '2025-12-20', '20:00', 'Pos Ronda RT 05', 'Laporan kas dan pembahasan kegiatan bulan depan.', 'active', 2, '2025-12-06 11:18:34', '2025-12-06 11:18:34', NULL),
	(3, 'Kerja Bakti Mingguan', 'Kerja Bakti', '2025-12-13', '07:00', 'Lingkungan RT 05 / RW 03', 'Membersihkan selokan dan lingkungan sekitar.', 'active', 2, '2025-12-06 11:25:59', '2025-12-06 11:25:59', NULL),
	(4, 'Rapat Bulanan Warga', 'Rapat', '2025-12-20', '20:00', 'Pos Ronda RT 05', 'Laporan kas dan pembahasan kegiatan bulan depan.', 'active', 2, '2025-12-06 11:25:59', '2025-12-06 11:25:59', NULL),
	(5, 'Rapat Bulanan #1', 'Rapat', '2026-01-22', '02:41:54', 'Posko RW', 'Kegiatan rutin warga', 'active', 2, '2025-12-07 07:28:49', '2025-12-07 07:28:49', NULL),
	(6, 'Ronda Malam #2', 'Kerja Bakti', '2026-01-07', '17:18:48', 'Posko RW', 'Kegiatan rutin warga', 'active', 2, '2025-12-07 07:28:49', '2025-12-07 07:28:49', NULL),
	(7, 'Senam Warga #3', 'Rapat', '2026-01-18', '09:49:45', 'Posko RW', 'Kegiatan rutin warga', 'active', 2, '2025-12-07 07:28:49', '2025-12-07 07:28:49', NULL),
	(8, 'Kerja Bakti #4', 'Rapat', '2026-01-06', '04:23:12', 'Posko RW', 'Kegiatan rutin warga', 'active', 2, '2025-12-07 07:28:49', '2025-12-07 07:28:49', NULL),
	(9, 'Ronda Malam #5', 'Rapat', '2026-02-03', '07:48:39', 'Posko RW', 'Kegiatan rutin warga', 'active', 2, '2025-12-07 07:28:49', '2025-12-07 07:28:49', NULL),
	(10, 'Ronda Malam #6', 'Kerja Bakti', '2026-01-24', '00:28:49', 'Posko RW', 'Kegiatan rutin warga', 'active', 2, '2025-12-07 07:28:49', '2025-12-07 07:28:49', NULL),
	(11, 'Ronda Malam #7', 'Rapat', '2026-01-14', '01:13:14', 'Posko RW', 'Kegiatan rutin warga', 'active', 2, '2025-12-07 07:28:49', '2025-12-07 07:28:49', NULL),
	(12, 'Ronda Malam #8', 'Kerja Bakti', '2025-12-20', '20:08:44', 'Posko RW', 'Kegiatan rutin warga', 'active', 2, '2025-12-07 07:28:49', '2025-12-07 07:28:49', NULL),
	(13, 'Ronda Malam #9', 'Sosial', '2026-01-13', '11:56:12', 'Posko RW', 'Kegiatan rutin warga', 'active', 2, '2025-12-07 07:28:49', '2025-12-07 07:28:49', NULL),
	(14, 'Senam Warga #10', 'Sosial', '2025-12-23', '01:47:48', 'Posko RW', 'Kegiatan rutin warga', 'active', 2, '2025-12-07 07:28:49', '2025-12-07 07:28:49', NULL),
	(15, 'Rapat Bulanan #11', 'Rapat', '2025-12-31', '03:24:55', 'Posko RW', 'Kegiatan rutin warga', 'active', 2, '2025-12-07 07:28:49', '2025-12-07 07:28:49', NULL),
	(16, 'Kerja Bakti #12', 'Kerja Bakti', '2025-12-28', '22:01:04', 'Posko RW', 'Kegiatan rutin warga', 'active', 2, '2025-12-07 07:28:49', '2025-12-07 07:28:49', NULL),
	(17, 'Senam Warga #13', 'Rapat', '2025-12-16', '01:13:21', 'Posko RW', 'Kegiatan rutin warga', 'active', 2, '2025-12-07 07:28:49', '2025-12-07 07:28:49', NULL),
	(18, 'Rapat Bulanan #14', 'Kerja Bakti', '2026-01-20', '09:37:35', 'Posko RW', 'Kegiatan rutin warga', 'active', 2, '2025-12-07 07:28:49', '2025-12-07 07:28:49', NULL),
	(19, 'Rapat Bulanan #15', 'Sosial', '2026-01-01', '14:15:21', 'Posko RW', 'Kegiatan rutin warga', 'active', 2, '2025-12-07 07:28:49', '2025-12-07 07:28:49', NULL),
	(20, 'Rapat Bulanan #16', 'Kerja Bakti', '2025-12-08', '17:09:21', 'Posko RW', 'Kegiatan rutin warga', 'active', 2, '2025-12-07 07:28:49', '2025-12-07 07:28:49', NULL),
	(21, 'Senam Warga #17', 'Rapat', '2026-01-18', '13:43:33', 'Posko RW', 'Kegiatan rutin warga', 'active', 2, '2025-12-07 07:28:49', '2025-12-07 07:28:49', NULL),
	(22, 'Senam Warga #18', 'Sosial', '2026-01-01', '13:20:04', 'Posko RW', 'Kegiatan rutin warga', 'active', 2, '2025-12-07 07:28:49', '2025-12-07 07:28:49', NULL),
	(23, 'Rapat Bulanan #19', 'Rapat', '2026-01-17', '00:36:50', 'Posko RW', 'Kegiatan rutin warga', 'active', 2, '2025-12-07 07:28:49', '2025-12-07 07:28:49', NULL),
	(24, 'Rapat Bulanan #20', 'Sosial', '2026-01-15', '14:42:48', 'Posko RW', 'Kegiatan rutin warga', 'active', 2, '2025-12-07 07:28:49', '2025-12-07 07:28:49', NULL);

-- Dumping structure for table si-rtrw.kegiatan_warga
CREATE TABLE IF NOT EXISTS `kegiatan_warga` (
  `id` bigint(20) unsigned NOT NULL AUTO_INCREMENT,
  `kegiatan_id` bigint(20) unsigned NOT NULL,
  `warga_id` bigint(20) unsigned NOT NULL,
  `role` varchar(100) DEFAULT NULL,
  `status` varchar(50) NOT NULL DEFAULT 'invited',
  `created_at` timestamp NULL DEFAULT NULL,
  `updated_at` timestamp NULL DEFAULT NULL,
  PRIMARY KEY (`id`),
  UNIQUE KEY `kegiatan_warga_kegiatan_id_warga_id_unique` (`kegiatan_id`,`warga_id`),
  KEY `kegiatan_warga_kegiatan_id_index` (`kegiatan_id`),
  KEY `kegiatan_warga_warga_id_index` (`warga_id`),
  CONSTRAINT `kegiatan_warga_kegiatan_id_foreign` FOREIGN KEY (`kegiatan_id`) REFERENCES `kegiatan` (`id`) ON DELETE CASCADE,
  CONSTRAINT `kegiatan_warga_warga_id_foreign` FOREIGN KEY (`warga_id`) REFERENCES `warga` (`id`) ON DELETE CASCADE
) ENGINE=InnoDB AUTO_INCREMENT=211 DEFAULT CHARSET=utf8mb4 COLLATE=utf8mb4_unicode_ci;

-- Dumping data for table si-rtrw.kegiatan_warga: ~210 rows (approximately)
INSERT INTO `kegiatan_warga` (`id`, `kegiatan_id`, `warga_id`, `role`, `status`, `created_at`, `updated_at`) VALUES
	(1, 1, 1, 'Peserta', 'diundang', '2025-12-06 11:18:34', '2025-12-06 11:18:34'),
	(2, 1, 2, 'Peserta', 'diundang', '2025-12-06 11:18:34', '2025-12-06 11:18:34'),
	(3, 1, 3, 'Peserta', 'diundang', '2025-12-06 11:18:34', '2025-12-06 11:18:34'),
	(4, 1, 4, 'Peserta', 'diundang', '2025-12-06 11:18:34', '2025-12-06 11:18:34'),
	(5, 1, 5, 'Peserta', 'diundang', '2025-12-06 11:18:34', '2025-12-06 11:18:34'),
	(6, 3, 31, 'Peserta', 'diundang', '2025-12-06 11:25:59', '2025-12-06 11:25:59'),
	(7, 3, 32, 'Peserta', 'diundang', '2025-12-06 11:25:59', '2025-12-06 11:25:59'),
	(8, 3, 33, 'Peserta', 'diundang', '2025-12-06 11:25:59', '2025-12-06 11:25:59'),
	(9, 3, 34, 'Peserta', 'diundang', '2025-12-06 11:25:59', '2025-12-06 11:25:59'),
	(10, 3, 35, 'Peserta', 'diundang', '2025-12-06 11:25:59', '2025-12-06 11:25:59'),
	(11, 5, 43, 'Peserta', 'hadir', '2025-12-07 07:28:49', '2025-12-07 07:28:49'),
	(12, 5, 44, 'Peserta', 'hadir', '2025-12-07 07:28:49', '2025-12-07 07:28:49'),
	(13, 5, 47, 'Peserta', 'tidak hadir', '2025-12-07 07:28:49', '2025-12-07 07:28:49'),
	(14, 5, 49, 'Peserta', 'diundang', '2025-12-07 07:28:49', '2025-12-07 07:28:49'),
	(15, 5, 50, 'Peserta', 'diundang', '2025-12-07 07:28:49', '2025-12-07 07:28:49'),
	(16, 5, 52, 'Peserta', 'tidak hadir', '2025-12-07 07:28:49', '2025-12-07 07:28:49'),
	(17, 5, 71, 'Peserta', 'hadir', '2025-12-07 07:28:49', '2025-12-07 07:28:49'),
	(18, 5, 72, 'Peserta', 'diundang', '2025-12-07 07:28:49', '2025-12-07 07:28:49'),
	(19, 5, 76, 'Peserta', 'hadir', '2025-12-07 07:28:49', '2025-12-07 07:28:49'),
	(20, 5, 80, 'Peserta', 'tidak hadir', '2025-12-07 07:28:49', '2025-12-07 07:28:49'),
	(21, 6, 45, 'Peserta', 'diundang', '2025-12-07 07:28:49', '2025-12-07 07:28:49'),
	(22, 6, 46, 'Peserta', 'tidak hadir', '2025-12-07 07:28:49', '2025-12-07 07:28:49'),
	(23, 6, 48, 'Peserta', 'hadir', '2025-12-07 07:28:49', '2025-12-07 07:28:49'),
	(24, 6, 49, 'Peserta', 'tidak hadir', '2025-12-07 07:28:49', '2025-12-07 07:28:49'),
	(25, 6, 53, 'Peserta', 'tidak hadir', '2025-12-07 07:28:49', '2025-12-07 07:28:49'),
	(26, 6, 59, 'Peserta', 'tidak hadir', '2025-12-07 07:28:49', '2025-12-07 07:28:49'),
	(27, 6, 60, 'Peserta', 'tidak hadir', '2025-12-07 07:28:49', '2025-12-07 07:28:49'),
	(28, 6, 62, 'Peserta', 'hadir', '2025-12-07 07:28:49', '2025-12-07 07:28:49'),
	(29, 6, 70, 'Peserta', 'tidak hadir', '2025-12-07 07:28:49', '2025-12-07 07:28:49'),
	(30, 6, 77, 'Peserta', 'hadir', '2025-12-07 07:28:49', '2025-12-07 07:28:49'),
	(31, 7, 41, 'Peserta', 'tidak hadir', '2025-12-07 07:28:49', '2025-12-07 07:28:49'),
	(32, 7, 43, 'Peserta', 'hadir', '2025-12-07 07:28:49', '2025-12-07 07:28:49'),
	(33, 7, 47, 'Peserta', 'tidak hadir', '2025-12-07 07:28:49', '2025-12-07 07:28:49'),
	(34, 7, 48, 'Peserta', 'hadir', '2025-12-07 07:28:49', '2025-12-07 07:28:49'),
	(35, 7, 50, 'Peserta', 'hadir', '2025-12-07 07:28:49', '2025-12-07 07:28:49'),
	(36, 7, 57, 'Peserta', 'diundang', '2025-12-07 07:28:49', '2025-12-07 07:28:49'),
	(37, 7, 59, 'Peserta', 'tidak hadir', '2025-12-07 07:28:49', '2025-12-07 07:28:49'),
	(38, 7, 61, 'Peserta', 'hadir', '2025-12-07 07:28:49', '2025-12-07 07:28:49'),
	(39, 7, 66, 'Peserta', 'tidak hadir', '2025-12-07 07:28:49', '2025-12-07 07:28:49'),
	(40, 7, 80, 'Peserta', 'tidak hadir', '2025-12-07 07:28:49', '2025-12-07 07:28:49'),
	(41, 8, 45, 'Peserta', 'diundang', '2025-12-07 07:28:49', '2025-12-07 07:28:49'),
	(42, 8, 47, 'Peserta', 'hadir', '2025-12-07 07:28:49', '2025-12-07 07:28:49'),
	(43, 8, 53, 'Peserta', 'hadir', '2025-12-07 07:28:49', '2025-12-07 07:28:49'),
	(44, 8, 55, 'Peserta', 'hadir', '2025-12-07 07:28:49', '2025-12-07 07:28:49'),
	(45, 8, 56, 'Peserta', 'tidak hadir', '2025-12-07 07:28:49', '2025-12-07 07:28:49'),
	(46, 8, 60, 'Peserta', 'diundang', '2025-12-07 07:28:49', '2025-12-07 07:28:49'),
	(47, 8, 61, 'Peserta', 'diundang', '2025-12-07 07:28:49', '2025-12-07 07:28:49'),
	(48, 8, 62, 'Peserta', 'tidak hadir', '2025-12-07 07:28:49', '2025-12-07 07:28:49'),
	(49, 8, 74, 'Peserta', 'tidak hadir', '2025-12-07 07:28:49', '2025-12-07 07:28:49'),
	(50, 8, 75, 'Peserta', 'diundang', '2025-12-07 07:28:49', '2025-12-07 07:28:49'),
	(51, 9, 42, 'Peserta', 'hadir', '2025-12-07 07:28:49', '2025-12-07 07:28:49'),
	(52, 9, 44, 'Peserta', 'hadir', '2025-12-07 07:28:49', '2025-12-07 07:28:49'),
	(53, 9, 46, 'Peserta', 'tidak hadir', '2025-12-07 07:28:49', '2025-12-07 07:28:49'),
	(54, 9, 56, 'Peserta', 'hadir', '2025-12-07 07:28:49', '2025-12-07 07:28:49'),
	(55, 9, 57, 'Peserta', 'hadir', '2025-12-07 07:28:49', '2025-12-07 07:28:49'),
	(56, 9, 63, 'Peserta', 'tidak hadir', '2025-12-07 07:28:49', '2025-12-07 07:28:49'),
	(57, 9, 67, 'Peserta', 'tidak hadir', '2025-12-07 07:28:49', '2025-12-07 07:28:49'),
	(58, 9, 68, 'Peserta', 'diundang', '2025-12-07 07:28:49', '2025-12-07 07:28:49'),
	(59, 9, 75, 'Peserta', 'hadir', '2025-12-07 07:28:49', '2025-12-07 07:28:49'),
	(60, 9, 76, 'Peserta', 'diundang', '2025-12-07 07:28:49', '2025-12-07 07:28:49'),
	(61, 10, 43, 'Peserta', 'hadir', '2025-12-07 07:28:49', '2025-12-07 07:28:49'),
	(62, 10, 57, 'Peserta', 'hadir', '2025-12-07 07:28:49', '2025-12-07 07:28:49'),
	(63, 10, 58, 'Peserta', 'diundang', '2025-12-07 07:28:49', '2025-12-07 07:28:49'),
	(64, 10, 61, 'Peserta', 'tidak hadir', '2025-12-07 07:28:49', '2025-12-07 07:28:49'),
	(65, 10, 62, 'Peserta', 'hadir', '2025-12-07 07:28:49', '2025-12-07 07:28:49'),
	(66, 10, 65, 'Peserta', 'hadir', '2025-12-07 07:28:49', '2025-12-07 07:28:49'),
	(67, 10, 66, 'Peserta', 'hadir', '2025-12-07 07:28:49', '2025-12-07 07:28:49'),
	(68, 10, 68, 'Peserta', 'diundang', '2025-12-07 07:28:49', '2025-12-07 07:28:49'),
	(69, 10, 75, 'Peserta', 'hadir', '2025-12-07 07:28:49', '2025-12-07 07:28:49'),
	(70, 10, 79, 'Peserta', 'hadir', '2025-12-07 07:28:49', '2025-12-07 07:28:49'),
	(71, 11, 44, 'Peserta', 'diundang', '2025-12-07 07:28:49', '2025-12-07 07:28:49'),
	(72, 11, 51, 'Peserta', 'hadir', '2025-12-07 07:28:49', '2025-12-07 07:28:49'),
	(73, 11, 52, 'Peserta', 'hadir', '2025-12-07 07:28:49', '2025-12-07 07:28:49'),
	(74, 11, 54, 'Peserta', 'diundang', '2025-12-07 07:28:49', '2025-12-07 07:28:49'),
	(75, 11, 57, 'Peserta', 'diundang', '2025-12-07 07:28:49', '2025-12-07 07:28:49'),
	(76, 11, 59, 'Peserta', 'tidak hadir', '2025-12-07 07:28:49', '2025-12-07 07:28:49'),
	(77, 11, 63, 'Peserta', 'diundang', '2025-12-07 07:28:49', '2025-12-07 07:28:49'),
	(78, 11, 65, 'Peserta', 'diundang', '2025-12-07 07:28:49', '2025-12-07 07:28:49'),
	(79, 11, 68, 'Peserta', 'tidak hadir', '2025-12-07 07:28:49', '2025-12-07 07:28:49'),
	(80, 11, 69, 'Peserta', 'diundang', '2025-12-07 07:28:49', '2025-12-07 07:28:49'),
	(81, 12, 49, 'Peserta', 'hadir', '2025-12-07 07:28:49', '2025-12-07 07:28:49'),
	(82, 12, 52, 'Peserta', 'diundang', '2025-12-07 07:28:49', '2025-12-07 07:28:49'),
	(83, 12, 53, 'Peserta', 'tidak hadir', '2025-12-07 07:28:49', '2025-12-07 07:28:49'),
	(84, 12, 54, 'Peserta', 'tidak hadir', '2025-12-07 07:28:49', '2025-12-07 07:28:49'),
	(85, 12, 57, 'Peserta', 'hadir', '2025-12-07 07:28:49', '2025-12-07 07:28:49'),
	(86, 12, 65, 'Peserta', 'tidak hadir', '2025-12-07 07:28:49', '2025-12-07 07:28:49'),
	(87, 12, 66, 'Peserta', 'tidak hadir', '2025-12-07 07:28:49', '2025-12-07 07:28:49'),
	(88, 12, 69, 'Peserta', 'hadir', '2025-12-07 07:28:49', '2025-12-07 07:28:49'),
	(89, 12, 70, 'Peserta', 'hadir', '2025-12-07 07:28:49', '2025-12-07 07:28:49'),
	(90, 12, 71, 'Peserta', 'tidak hadir', '2025-12-07 07:28:49', '2025-12-07 07:28:49'),
	(91, 13, 45, 'Peserta', 'diundang', '2025-12-07 07:28:49', '2025-12-07 07:28:49'),
	(92, 13, 48, 'Peserta', 'tidak hadir', '2025-12-07 07:28:49', '2025-12-07 07:28:49'),
	(93, 13, 54, 'Peserta', 'hadir', '2025-12-07 07:28:49', '2025-12-07 07:28:49'),
	(94, 13, 57, 'Peserta', 'hadir', '2025-12-07 07:28:49', '2025-12-07 07:28:49'),
	(95, 13, 58, 'Peserta', 'hadir', '2025-12-07 07:28:49', '2025-12-07 07:28:49'),
	(96, 13, 63, 'Peserta', 'tidak hadir', '2025-12-07 07:28:49', '2025-12-07 07:28:49'),
	(97, 13, 68, 'Peserta', 'tidak hadir', '2025-12-07 07:28:49', '2025-12-07 07:28:49'),
	(98, 13, 71, 'Peserta', 'tidak hadir', '2025-12-07 07:28:49', '2025-12-07 07:28:49'),
	(99, 13, 77, 'Peserta', 'tidak hadir', '2025-12-07 07:28:49', '2025-12-07 07:28:49'),
	(100, 13, 79, 'Peserta', 'diundang', '2025-12-07 07:28:49', '2025-12-07 07:28:49'),
	(101, 14, 41, 'Peserta', 'diundang', '2025-12-07 07:28:49', '2025-12-07 07:28:49'),
	(102, 14, 43, 'Peserta', 'tidak hadir', '2025-12-07 07:28:49', '2025-12-07 07:28:49'),
	(103, 14, 45, 'Peserta', 'diundang', '2025-12-07 07:28:49', '2025-12-07 07:28:49'),
	(104, 14, 48, 'Peserta', 'tidak hadir', '2025-12-07 07:28:49', '2025-12-07 07:28:49'),
	(105, 14, 55, 'Peserta', 'tidak hadir', '2025-12-07 07:28:49', '2025-12-07 07:28:49'),
	(106, 14, 56, 'Peserta', 'hadir', '2025-12-07 07:28:49', '2025-12-07 07:28:49'),
	(107, 14, 68, 'Peserta', 'hadir', '2025-12-07 07:28:49', '2025-12-07 07:28:49'),
	(108, 14, 74, 'Peserta', 'hadir', '2025-12-07 07:28:49', '2025-12-07 07:28:49'),
	(109, 14, 78, 'Peserta', 'tidak hadir', '2025-12-07 07:28:49', '2025-12-07 07:28:49'),
	(110, 14, 79, 'Peserta', 'diundang', '2025-12-07 07:28:49', '2025-12-07 07:28:49'),
	(111, 15, 41, 'Peserta', 'tidak hadir', '2025-12-07 07:28:49', '2025-12-07 07:28:49'),
	(112, 15, 55, 'Peserta', 'diundang', '2025-12-07 07:28:49', '2025-12-07 07:28:49'),
	(113, 15, 56, 'Peserta', 'tidak hadir', '2025-12-07 07:28:49', '2025-12-07 07:28:49'),
	(114, 15, 58, 'Peserta', 'tidak hadir', '2025-12-07 07:28:49', '2025-12-07 07:28:49'),
	(115, 15, 60, 'Peserta', 'hadir', '2025-12-07 07:28:49', '2025-12-07 07:28:49'),
	(116, 15, 63, 'Peserta', 'hadir', '2025-12-07 07:28:49', '2025-12-07 07:28:49'),
	(117, 15, 68, 'Peserta', 'tidak hadir', '2025-12-07 07:28:49', '2025-12-07 07:28:49'),
	(118, 15, 73, 'Peserta', 'tidak hadir', '2025-12-07 07:28:49', '2025-12-07 07:28:49'),
	(119, 15, 75, 'Peserta', 'hadir', '2025-12-07 07:28:49', '2025-12-07 07:28:49'),
	(120, 15, 78, 'Peserta', 'tidak hadir', '2025-12-07 07:28:49', '2025-12-07 07:28:49'),
	(121, 16, 41, 'Peserta', 'tidak hadir', '2025-12-07 07:28:49', '2025-12-07 07:28:49'),
	(122, 16, 48, 'Peserta', 'tidak hadir', '2025-12-07 07:28:49', '2025-12-07 07:28:49'),
	(123, 16, 49, 'Peserta', 'hadir', '2025-12-07 07:28:49', '2025-12-07 07:28:49'),
	(124, 16, 54, 'Peserta', 'hadir', '2025-12-07 07:28:49', '2025-12-07 07:28:49'),
	(125, 16, 55, 'Peserta', 'tidak hadir', '2025-12-07 07:28:49', '2025-12-07 07:28:49'),
	(126, 16, 57, 'Peserta', 'tidak hadir', '2025-12-07 07:28:49', '2025-12-07 07:28:49'),
	(127, 16, 58, 'Peserta', 'tidak hadir', '2025-12-07 07:28:49', '2025-12-07 07:28:49'),
	(128, 16, 66, 'Peserta', 'hadir', '2025-12-07 07:28:49', '2025-12-07 07:28:49'),
	(129, 16, 73, 'Peserta', 'diundang', '2025-12-07 07:28:49', '2025-12-07 07:28:49'),
	(130, 16, 79, 'Peserta', 'hadir', '2025-12-07 07:28:49', '2025-12-07 07:28:49'),
	(131, 17, 42, 'Peserta', 'tidak hadir', '2025-12-07 07:28:49', '2025-12-07 07:28:49'),
	(132, 17, 49, 'Peserta', 'diundang', '2025-12-07 07:28:49', '2025-12-07 07:28:49'),
	(133, 17, 50, 'Peserta', 'tidak hadir', '2025-12-07 07:28:49', '2025-12-07 07:28:49'),
	(134, 17, 54, 'Peserta', 'diundang', '2025-12-07 07:28:49', '2025-12-07 07:28:49'),
	(135, 17, 58, 'Peserta', 'diundang', '2025-12-07 07:28:49', '2025-12-07 07:28:49'),
	(136, 17, 65, 'Peserta', 'tidak hadir', '2025-12-07 07:28:49', '2025-12-07 07:28:49'),
	(137, 17, 70, 'Peserta', 'diundang', '2025-12-07 07:28:49', '2025-12-07 07:28:49'),
	(138, 17, 71, 'Peserta', 'tidak hadir', '2025-12-07 07:28:49', '2025-12-07 07:28:49'),
	(139, 17, 73, 'Peserta', 'tidak hadir', '2025-12-07 07:28:49', '2025-12-07 07:28:49'),
	(140, 17, 74, 'Peserta', 'tidak hadir', '2025-12-07 07:28:49', '2025-12-07 07:28:49'),
	(141, 18, 41, 'Peserta', 'hadir', '2025-12-07 07:28:49', '2025-12-07 07:28:49'),
	(142, 18, 47, 'Peserta', 'tidak hadir', '2025-12-07 07:28:49', '2025-12-07 07:28:49'),
	(143, 18, 50, 'Peserta', 'diundang', '2025-12-07 07:28:49', '2025-12-07 07:28:49'),
	(144, 18, 58, 'Peserta', 'hadir', '2025-12-07 07:28:49', '2025-12-07 07:28:49'),
	(145, 18, 61, 'Peserta', 'hadir', '2025-12-07 07:28:49', '2025-12-07 07:28:49'),
	(146, 18, 64, 'Peserta', 'hadir', '2025-12-07 07:28:49', '2025-12-07 07:28:49'),
	(147, 18, 65, 'Peserta', 'tidak hadir', '2025-12-07 07:28:49', '2025-12-07 07:28:49'),
	(148, 18, 66, 'Peserta', 'diundang', '2025-12-07 07:28:49', '2025-12-07 07:28:49'),
	(149, 18, 69, 'Peserta', 'tidak hadir', '2025-12-07 07:28:49', '2025-12-07 07:28:49'),
	(150, 18, 71, 'Peserta', 'tidak hadir', '2025-12-07 07:28:49', '2025-12-07 07:28:49'),
	(151, 19, 41, 'Peserta', 'hadir', '2025-12-07 07:28:49', '2025-12-07 07:28:49'),
	(152, 19, 51, 'Peserta', 'tidak hadir', '2025-12-07 07:28:49', '2025-12-07 07:28:49'),
	(153, 19, 54, 'Peserta', 'tidak hadir', '2025-12-07 07:28:49', '2025-12-07 07:28:49'),
	(154, 19, 59, 'Peserta', 'hadir', '2025-12-07 07:28:49', '2025-12-07 07:28:49'),
	(155, 19, 67, 'Peserta', 'hadir', '2025-12-07 07:28:49', '2025-12-07 07:28:49'),
	(156, 19, 68, 'Peserta', 'hadir', '2025-12-07 07:28:49', '2025-12-07 07:28:49'),
	(157, 19, 70, 'Peserta', 'diundang', '2025-12-07 07:28:49', '2025-12-07 07:28:49'),
	(158, 19, 73, 'Peserta', 'diundang', '2025-12-07 07:28:49', '2025-12-07 07:28:49'),
	(159, 19, 74, 'Peserta', 'diundang', '2025-12-07 07:28:49', '2025-12-07 07:28:49'),
	(160, 19, 76, 'Peserta', 'tidak hadir', '2025-12-07 07:28:49', '2025-12-07 07:28:49'),
	(161, 20, 41, 'Peserta', 'tidak hadir', '2025-12-07 07:28:49', '2025-12-07 07:28:49'),
	(162, 20, 42, 'Peserta', 'diundang', '2025-12-07 07:28:49', '2025-12-07 07:28:49'),
	(163, 20, 46, 'Peserta', 'diundang', '2025-12-07 07:28:49', '2025-12-07 07:28:49'),
	(164, 20, 47, 'Peserta', 'diundang', '2025-12-07 07:28:49', '2025-12-07 07:28:49'),
	(165, 20, 48, 'Peserta', 'tidak hadir', '2025-12-07 07:28:49', '2025-12-07 07:28:49'),
	(166, 20, 51, 'Peserta', 'tidak hadir', '2025-12-07 07:28:49', '2025-12-07 07:28:49'),
	(167, 20, 53, 'Peserta', 'diundang', '2025-12-07 07:28:49', '2025-12-07 07:28:49'),
	(168, 20, 59, 'Peserta', 'diundang', '2025-12-07 07:28:49', '2025-12-07 07:28:49'),
	(169, 20, 67, 'Peserta', 'diundang', '2025-12-07 07:28:49', '2025-12-07 07:28:49'),
	(170, 20, 76, 'Peserta', 'hadir', '2025-12-07 07:28:49', '2025-12-07 07:28:49'),
	(171, 21, 41, 'Peserta', 'tidak hadir', '2025-12-07 07:28:49', '2025-12-07 07:28:49'),
	(172, 21, 45, 'Peserta', 'diundang', '2025-12-07 07:28:49', '2025-12-07 07:28:49'),
	(173, 21, 57, 'Peserta', 'tidak hadir', '2025-12-07 07:28:49', '2025-12-07 07:28:49'),
	(174, 21, 58, 'Peserta', 'tidak hadir', '2025-12-07 07:28:49', '2025-12-07 07:28:49'),
	(175, 21, 60, 'Peserta', 'tidak hadir', '2025-12-07 07:28:49', '2025-12-07 07:28:49'),
	(176, 21, 69, 'Peserta', 'tidak hadir', '2025-12-07 07:28:49', '2025-12-07 07:28:49'),
	(177, 21, 74, 'Peserta', 'diundang', '2025-12-07 07:28:49', '2025-12-07 07:28:49'),
	(178, 21, 77, 'Peserta', 'diundang', '2025-12-07 07:28:49', '2025-12-07 07:28:49'),
	(179, 21, 79, 'Peserta', 'tidak hadir', '2025-12-07 07:28:49', '2025-12-07 07:28:49'),
	(180, 21, 80, 'Peserta', 'hadir', '2025-12-07 07:28:49', '2025-12-07 07:28:49'),
	(181, 22, 48, 'Peserta', 'hadir', '2025-12-07 07:28:49', '2025-12-07 07:28:49'),
	(182, 22, 54, 'Peserta', 'diundang', '2025-12-07 07:28:49', '2025-12-07 07:28:49'),
	(183, 22, 55, 'Peserta', 'tidak hadir', '2025-12-07 07:28:49', '2025-12-07 07:28:49'),
	(184, 22, 57, 'Peserta', 'tidak hadir', '2025-12-07 07:28:49', '2025-12-07 07:28:49'),
	(185, 22, 64, 'Peserta', 'tidak hadir', '2025-12-07 07:28:49', '2025-12-07 07:28:49'),
	(186, 22, 66, 'Peserta', 'hadir', '2025-12-07 07:28:49', '2025-12-07 07:28:49'),
	(187, 22, 68, 'Peserta', 'diundang', '2025-12-07 07:28:49', '2025-12-07 07:28:49'),
	(188, 22, 69, 'Peserta', 'diundang', '2025-12-07 07:28:49', '2025-12-07 07:28:49'),
	(189, 22, 73, 'Peserta', 'diundang', '2025-12-07 07:28:49', '2025-12-07 07:28:49'),
	(190, 22, 79, 'Peserta', 'hadir', '2025-12-07 07:28:49', '2025-12-07 07:28:49'),
	(191, 23, 43, 'Peserta', 'diundang', '2025-12-07 07:28:49', '2025-12-07 07:28:49'),
	(192, 23, 46, 'Peserta', 'diundang', '2025-12-07 07:28:49', '2025-12-07 07:28:49'),
	(193, 23, 54, 'Peserta', 'tidak hadir', '2025-12-07 07:28:49', '2025-12-07 07:28:49'),
	(194, 23, 55, 'Peserta', 'hadir', '2025-12-07 07:28:49', '2025-12-07 07:28:49'),
	(195, 23, 58, 'Peserta', 'hadir', '2025-12-07 07:28:49', '2025-12-07 07:28:49'),
	(196, 23, 63, 'Peserta', 'hadir', '2025-12-07 07:28:49', '2025-12-07 07:28:49'),
	(197, 23, 66, 'Peserta', 'diundang', '2025-12-07 07:28:49', '2025-12-07 07:28:49'),
	(198, 23, 74, 'Peserta', 'tidak hadir', '2025-12-07 07:28:49', '2025-12-07 07:28:49'),
	(199, 23, 79, 'Peserta', 'tidak hadir', '2025-12-07 07:28:49', '2025-12-07 07:28:49'),
	(200, 23, 80, 'Peserta', 'tidak hadir', '2025-12-07 07:28:49', '2025-12-07 07:28:49'),
	(201, 24, 51, 'Peserta', 'diundang', '2025-12-07 07:28:49', '2025-12-07 07:28:49'),
	(202, 24, 54, 'Peserta', 'hadir', '2025-12-07 07:28:49', '2025-12-07 07:28:49'),
	(203, 24, 55, 'Peserta', 'hadir', '2025-12-07 07:28:49', '2025-12-07 07:28:49'),
	(204, 24, 57, 'Peserta', 'diundang', '2025-12-07 07:28:49', '2025-12-07 07:28:49'),
	(205, 24, 62, 'Peserta', 'diundang', '2025-12-07 07:28:49', '2025-12-07 07:28:49'),
	(206, 24, 68, 'Peserta', 'tidak hadir', '2025-12-07 07:28:49', '2025-12-07 07:28:49'),
	(207, 24, 70, 'Peserta', 'hadir', '2025-12-07 07:28:49', '2025-12-07 07:28:49'),
	(208, 24, 71, 'Peserta', 'diundang', '2025-12-07 07:28:49', '2025-12-07 07:28:49'),
	(209, 24, 72, 'Peserta', 'hadir', '2025-12-07 07:28:49', '2025-12-07 07:28:49'),
	(210, 24, 73, 'Peserta', 'hadir', '2025-12-07 07:28:49', '2025-12-07 07:28:49');

-- Dumping structure for table si-rtrw.metode_pembayaran
CREATE TABLE IF NOT EXISTS `metode_pembayaran` (
  `id` bigint(20) unsigned NOT NULL AUTO_INCREMENT,
  `nama` varchar(255) NOT NULL,
  `deskripsi` text DEFAULT NULL,
  `is_active` tinyint(1) NOT NULL DEFAULT 1,
  `created_at` timestamp NULL DEFAULT NULL,
  `updated_at` timestamp NULL DEFAULT NULL,
  PRIMARY KEY (`id`)
) ENGINE=InnoDB AUTO_INCREMENT=12 DEFAULT CHARSET=utf8mb4 COLLATE=utf8mb4_unicode_ci;

-- Dumping data for table si-rtrw.metode_pembayaran: ~11 rows (approximately)
INSERT INTO `metode_pembayaran` (`id`, `nama`, `deskripsi`, `is_active`, `created_at`, `updated_at`) VALUES
	(1, 'Cash', 'Pembayaran via Cash', 1, '2025-12-06 11:18:33', '2025-12-07 07:28:48'),
	(2, 'Transfer Bank', 'Pembayaran via Transfer Bank', 1, '2025-12-06 11:18:33', '2025-12-07 07:28:48'),
	(3, 'E-Wallet', 'Pembayaran via E-Wallet', 1, '2025-12-06 11:18:33', '2025-12-07 07:28:48'),
	(4, 'Cash', 'Pembayaran tunai kepada pengurus RT.', 1, '2025-12-06 11:19:14', '2025-12-06 11:19:14'),
	(5, 'Transfer Bank', 'Transfer ke rekening kas RT.', 1, '2025-12-06 11:19:14', '2025-12-06 11:19:14'),
	(6, 'E-Wallet', 'Pembayaran via dompet digital (OVO, Gopay, dll).', 1, '2025-12-06 11:19:14', '2025-12-06 11:19:14'),
	(7, 'Cash', 'Pembayaran tunai kepada pengurus RT.', 1, '2025-12-06 11:22:39', '2025-12-06 11:22:39'),
	(8, 'Transfer Bank', 'Transfer ke rekening kas RT.', 1, '2025-12-06 11:22:39', '2025-12-06 11:22:39'),
	(9, 'E-Wallet', 'Pembayaran via dompet digital (OVO, Gopay, dll).', 1, '2025-12-06 11:22:39', '2025-12-06 11:22:39'),
	(10, 'QRIS', 'Pembayaran via QRIS', 1, '2025-12-07 07:28:48', '2025-12-07 07:28:48'),
	(11, 'VA Bank BCA', 'Pembayaran via VA Bank BCA', 1, '2025-12-07 07:28:48', '2025-12-07 07:28:48');

-- Dumping structure for table si-rtrw.migrations
CREATE TABLE IF NOT EXISTS `migrations` (
  `id` int(10) unsigned NOT NULL AUTO_INCREMENT,
  `migration` varchar(255) NOT NULL,
  `batch` int(11) NOT NULL,
  PRIMARY KEY (`id`)
) ENGINE=InnoDB AUTO_INCREMENT=23 DEFAULT CHARSET=utf8mb4 COLLATE=utf8mb4_unicode_ci;

-- Dumping data for table si-rtrw.migrations: ~22 rows (approximately)
INSERT INTO `migrations` (`id`, `migration`, `batch`) VALUES
	(1, '0001_01_01_000001_create_cache_table', 1),
	(2, '0001_01_01_000002_create_jobs_table', 1),
	(3, '2025_11_29_125951_create_warga_table', 1),
	(4, '2025_11_29_125955_create_kartu_keluarga_table', 1),
	(5, '2025_11_29_125958_create_anggota_kk_table', 1),
	(6, '2025_11_29_130001_create_iuran_templates_table', 1),
	(7, '2025_11_29_130004_create_iuran_instances_table', 1),
	(8, '2025_11_29_130005_create_users_table', 1),
	(9, '2025_11_29_130007_create_transactions_table', 1),
	(10, '2025_11_29_130014_create_pembayaran_table', 1),
	(11, '2025_11_29_130019_create_kegiatan_table', 1),
	(12, '2025_11_29_130037_create_kegiatan_warga_table', 1),
	(13, '2025_11_29_130041_create_audit_logs_table', 1),
	(14, '2025_11_29_131957_create_sessions_table', 1),
	(15, '2025_11_29_132838_add_status_to_kegiatan_table', 1),
	(16, '2025_12_04_080403_create_kas_table', 1),
	(17, '2025_12_04_163741_create_kategori_keuangan_table', 1),
	(18, '2025_12_04_163821_create_metode_pembayaran_table', 1),
	(19, '2025_12_04_163831_create_profil_wilayah_table', 1),
	(20, '2025_12_04_163842_create_mutasi_warga_table', 1),
	(21, '2025_12_04_163852_create_notifikasi_table', 1),
	(22, '2025_12_04_163933_add_relasi_keuangan_to_existing_tables', 1);

-- Dumping structure for table si-rtrw.mutasi_warga
CREATE TABLE IF NOT EXISTS `mutasi_warga` (
  `id` bigint(20) unsigned NOT NULL AUTO_INCREMENT,
  `warga_id` bigint(20) unsigned NOT NULL,
  `jenis` enum('masuk','keluar','pindah_rt','pindah_rw') NOT NULL,
  `tanggal` date DEFAULT NULL,
  `keterangan` text DEFAULT NULL,
  `created_at` timestamp NULL DEFAULT NULL,
  `updated_at` timestamp NULL DEFAULT NULL,
  `deleted_at` timestamp NULL DEFAULT NULL,
  PRIMARY KEY (`id`),
  KEY `mutasi_warga_warga_id_foreign` (`warga_id`),
  KEY `mutasi_warga_jenis_index` (`jenis`),
  CONSTRAINT `mutasi_warga_warga_id_foreign` FOREIGN KEY (`warga_id`) REFERENCES `warga` (`id`) ON DELETE CASCADE
) ENGINE=InnoDB AUTO_INCREMENT=23 DEFAULT CHARSET=utf8mb4 COLLATE=utf8mb4_unicode_ci;

-- Dumping data for table si-rtrw.mutasi_warga: ~22 rows (approximately)
INSERT INTO `mutasi_warga` (`id`, `warga_id`, `jenis`, `tanggal`, `keterangan`, `created_at`, `updated_at`, `deleted_at`) VALUES
	(1, 36, 'masuk', '2025-10-06', 'Pindah dari RT lain ke RT 05.', '2025-12-06 11:25:59', '2025-12-06 11:25:59', NULL),
	(2, 37, 'keluar', '2025-11-06', 'Pindah ke luar kota.', '2025-12-06 11:25:59', '2025-12-06 11:25:59', NULL),
	(3, 43, 'keluar', '2025-08-26', 'Expedita non laborum debitis temporibus unde sit dolore aut.', '2025-12-07 07:28:50', '2025-12-07 07:28:50', NULL),
	(4, 64, 'masuk', '2025-06-19', 'Delectus placeat omnis quam a qui ad.', '2025-12-07 07:28:50', '2025-12-07 07:28:50', NULL),
	(5, 50, 'keluar', '2025-10-02', 'Saepe facilis nulla voluptatibus nihil nobis libero vero.', '2025-12-07 07:28:50', '2025-12-07 07:28:50', NULL),
	(6, 79, 'keluar', '2025-03-02', 'Quod quaerat optio labore sint ut sed omnis.', '2025-12-07 07:28:50', '2025-12-07 07:28:50', NULL),
	(7, 47, 'keluar', '2025-03-15', 'Et blanditiis veritatis libero voluptatem cum aperiam.', '2025-12-07 07:28:50', '2025-12-07 07:28:50', NULL),
	(8, 54, 'masuk', '2025-08-14', 'Necessitatibus ut ut quia velit.', '2025-12-07 07:28:50', '2025-12-07 07:28:50', NULL),
	(9, 79, 'keluar', '2025-03-14', 'Itaque hic consequatur quo facilis et eligendi non qui.', '2025-12-07 07:28:50', '2025-12-07 07:28:50', NULL),
	(10, 59, 'masuk', '2025-09-16', 'Provident ratione cumque nisi labore maiores.', '2025-12-07 07:28:50', '2025-12-07 07:28:50', NULL),
	(11, 41, 'keluar', '2025-07-28', 'Deserunt suscipit velit aliquid animi sed.', '2025-12-07 07:28:50', '2025-12-07 07:28:50', NULL),
	(12, 76, 'masuk', '2025-03-12', 'Asperiores porro vero nesciunt et porro.', '2025-12-07 07:28:50', '2025-12-07 07:28:50', NULL),
	(13, 48, 'masuk', '2025-09-25', 'A sit quisquam culpa qui exercitationem.', '2025-12-07 07:28:50', '2025-12-07 07:28:50', NULL),
	(14, 59, 'keluar', '2025-09-19', 'Enim sunt minima et assumenda.', '2025-12-07 07:28:50', '2025-12-07 07:28:50', NULL),
	(15, 50, 'keluar', '2025-06-10', 'Ut dolor explicabo et est.', '2025-12-07 07:28:50', '2025-12-07 07:28:50', NULL),
	(16, 55, 'keluar', '2025-04-30', 'Earum similique quis voluptatem esse beatae maiores sint.', '2025-12-07 07:28:50', '2025-12-07 07:28:50', NULL),
	(17, 45, 'masuk', '2025-04-15', 'Adipisci quas ad vitae culpa iusto rerum.', '2025-12-07 07:28:50', '2025-12-07 07:28:50', NULL),
	(18, 42, 'keluar', '2025-05-26', 'Rerum praesentium adipisci maiores vitae.', '2025-12-07 07:28:50', '2025-12-07 07:28:50', NULL),
	(19, 79, 'keluar', '2025-08-16', 'Dolorum nostrum voluptatem dolore voluptatem.', '2025-12-07 07:28:50', '2025-12-07 07:28:50', NULL),
	(20, 71, 'keluar', '2025-06-28', 'Provident deleniti illum repellendus deserunt ut nulla pariatur.', '2025-12-07 07:28:50', '2025-12-07 07:28:50', NULL),
	(21, 54, 'keluar', '2025-07-10', 'Possimus consectetur temporibus quae sint adipisci.', '2025-12-07 07:28:50', '2025-12-07 07:28:50', NULL),
	(22, 65, 'keluar', '2025-05-24', 'Impedit qui officiis autem voluptatem.', '2025-12-07 07:28:50', '2025-12-07 07:28:50', NULL);

-- Dumping structure for table si-rtrw.notifikasi
CREATE TABLE IF NOT EXISTS `notifikasi` (
  `id` bigint(20) unsigned NOT NULL AUTO_INCREMENT,
  `user_id` bigint(20) unsigned DEFAULT NULL,
  `judul` varchar(255) NOT NULL,
  `pesan` text NOT NULL,
  `tipe` varchar(255) DEFAULT NULL,
  `data` longtext CHARACTER SET utf8mb4 COLLATE utf8mb4_bin DEFAULT NULL CHECK (json_valid(`data`)),
  `dibaca_pada` timestamp NULL DEFAULT NULL,
  `created_at` timestamp NULL DEFAULT NULL,
  `updated_at` timestamp NULL DEFAULT NULL,
  `deleted_at` timestamp NULL DEFAULT NULL,
  PRIMARY KEY (`id`),
  KEY `notifikasi_user_id_foreign` (`user_id`),
  CONSTRAINT `notifikasi_user_id_foreign` FOREIGN KEY (`user_id`) REFERENCES `users` (`id`) ON DELETE SET NULL
) ENGINE=InnoDB AUTO_INCREMENT=33 DEFAULT CHARSET=utf8mb4 COLLATE=utf8mb4_unicode_ci;

-- Dumping data for table si-rtrw.notifikasi: ~32 rows (approximately)
INSERT INTO `notifikasi` (`id`, `user_id`, `judul`, `pesan`, `tipe`, `data`, `dibaca_pada`, `created_at`, `updated_at`, `deleted_at`) VALUES
	(1, 2, 'Laporan Kas Bulanan', 'Laporan kas bulan Januari sudah tersedia.', 'info', '{"link":"http:\\/\\/localhost\\/keuangan\\/kas"}', NULL, '2025-12-06 11:25:59', '2025-12-06 11:25:59', NULL),
	(2, 3, 'Pembayaran Iuran Menunggu Verifikasi', 'Ada pembayaran iuran yang menunggu verifikasi.', 'tagihan', '{"iuran_instance_id":3}', NULL, '2025-12-06 11:25:59', '2025-12-06 11:25:59', NULL),
	(3, 3, 'Molestias aut nemo illo.', 'Quia illo modi fugiat perferendis eius quos dolore ab.', 'tagihan', '[]', NULL, '2025-12-07 07:28:50', '2025-12-07 07:28:50', NULL),
	(4, 1, 'Ratione voluptas vero.', 'Labore vero omnis est et facere porro quod.', 'tagihan', '[]', '2025-12-07 07:28:50', '2025-12-07 07:28:50', '2025-12-07 07:28:50', NULL),
	(5, 1, 'Ratione molestias consequatur.', 'Quibusdam dolore ex excepturi in maxime ipsa quisquam.', 'sistem', '[]', '2025-12-07 07:28:50', '2025-12-07 07:28:50', '2025-12-07 07:28:50', NULL),
	(6, 3, 'Beatae pariatur et.', 'Alias sit amet rerum ipsum ab sequi molestiae.', 'tagihan', '[]', '2025-12-07 07:28:50', '2025-12-07 07:28:50', '2025-12-07 07:28:50', NULL),
	(7, 3, 'Temporibus maxime.', 'Quam accusantium expedita alias debitis consequatur dolor quasi deleniti.', 'tagihan', '[]', NULL, '2025-12-07 07:28:50', '2025-12-07 07:28:50', NULL),
	(8, 1, 'Ab ea eius animi.', 'Laudantium facilis reiciendis dolores tempora totam.', 'tagihan', '[]', NULL, '2025-12-07 07:28:50', '2025-12-07 07:28:50', NULL),
	(9, 2, 'Magnam blanditiis aliquam quia.', 'Mollitia expedita nobis dolorum expedita maiores sit quia.', 'tagihan', '[]', NULL, '2025-12-07 07:28:50', '2025-12-07 07:28:50', NULL),
	(10, 2, 'Excepturi excepturi maxime.', 'A impedit quidem sint optio nesciunt totam iste consequatur atque omnis.', 'info', '[]', NULL, '2025-12-07 07:28:50', '2025-12-07 07:28:50', NULL),
	(11, 1, 'Sint tempore consequatur.', 'Rerum et error at debitis voluptatem consequuntur autem.', 'sistem', '[]', '2025-12-07 07:28:50', '2025-12-07 07:28:50', '2025-12-07 07:28:50', NULL),
	(12, 1, 'Et quasi sed.', 'Dolore vel molestiae occaecati dolore quam asperiores possimus quia.', 'tagihan', '[]', NULL, '2025-12-07 07:28:50', '2025-12-07 07:28:50', NULL),
	(13, 2, 'Expedita iure et sequi.', 'Molestiae sunt ut natus excepturi et ducimus.', 'sistem', '[]', '2025-12-07 07:28:50', '2025-12-07 07:28:50', '2025-12-07 07:28:50', NULL),
	(14, 3, 'Doloribus fugit iste.', 'Et occaecati temporibus illum maiores aut illo consectetur quae.', 'tagihan', '[]', '2025-12-07 07:28:50', '2025-12-07 07:28:50', '2025-12-07 07:28:50', NULL),
	(15, 2, 'Aut omnis dolor aperiam.', 'Quo repellat doloribus facilis dolorem sed.', 'info', '[]', NULL, '2025-12-07 07:28:50', '2025-12-07 07:28:50', NULL),
	(16, 1, 'Totam totam voluptatem aspernatur.', 'Repellendus totam itaque at ea totam aut.', 'sistem', '[]', NULL, '2025-12-07 07:28:50', '2025-12-07 07:28:50', NULL),
	(17, 2, 'Vero incidunt voluptas fugiat.', 'Vel assumenda assumenda error quisquam omnis qui qui possimus.', 'info', '[]', NULL, '2025-12-07 07:28:50', '2025-12-07 07:28:50', NULL),
	(18, 3, 'Pariatur maiores ut veritatis at.', 'Eligendi delectus officia numquam mollitia et laborum.', 'info', '[]', '2025-12-07 07:28:50', '2025-12-07 07:28:50', '2025-12-07 07:28:50', NULL),
	(19, 2, 'Quis et repudiandae.', 'Odio occaecati nostrum aliquam consectetur voluptas quisquam itaque laudantium facere.', 'info', '[]', NULL, '2025-12-07 07:28:50', '2025-12-07 07:28:50', NULL),
	(20, 2, 'Et dolores eum cum.', 'Facere officia quia et corrupti incidunt facilis ea omnis.', 'sistem', '[]', NULL, '2025-12-07 07:28:50', '2025-12-07 07:28:50', NULL),
	(21, 2, 'Et eum ea suscipit.', 'Adipisci et nihil et voluptatem ut ullam et.', 'sistem', '[]', '2025-12-07 07:28:50', '2025-12-07 07:28:50', '2025-12-07 07:28:50', NULL),
	(22, 3, 'Qui veniam qui.', 'Quidem deserunt doloribus nulla reiciendis nemo illo quibusdam.', 'info', '[]', NULL, '2025-12-07 07:28:50', '2025-12-07 07:28:50', NULL),
	(23, 3, 'Similique commodi quia.', 'Ut et maiores autem optio cum possimus tempore eligendi saepe ratione.', 'sistem', '[]', '2025-12-07 07:28:50', '2025-12-07 07:28:50', '2025-12-07 07:28:50', NULL),
	(24, 2, 'Aut fugiat distinctio.', 'Illo iusto autem aut ad maiores.', 'info', '[]', '2025-12-07 07:28:50', '2025-12-07 07:28:50', '2025-12-07 07:28:50', NULL),
	(25, 1, 'Placeat rerum tempora et.', 'Tempore laudantium ut ad fugit neque doloribus facilis quo.', 'info', '[]', '2025-12-07 07:28:50', '2025-12-07 07:28:50', '2025-12-07 07:28:50', NULL),
	(26, 1, 'Id omnis voluptatibus consequatur.', 'Saepe qui nostrum corporis et enim reprehenderit explicabo doloribus ut quae animi.', 'tagihan', '[]', NULL, '2025-12-07 07:28:50', '2025-12-07 07:28:50', NULL),
	(27, 1, 'Voluptas occaecati quaerat.', 'Deserunt fuga id quis ut sed optio consequuntur.', 'sistem', '[]', NULL, '2025-12-07 07:28:50', '2025-12-07 07:28:50', NULL),
	(28, 1, 'Eum aut quis sit.', 'Odio voluptas et velit praesentium in ut sunt amet eum ducimus sapiente.', 'info', '[]', NULL, '2025-12-07 07:28:50', '2025-12-07 07:28:50', NULL),
	(29, 2, 'Accusamus libero fugit suscipit.', 'Tempore omnis incidunt ea nulla debitis illum cumque.', 'sistem', '[]', NULL, '2025-12-07 07:28:50', '2025-12-07 07:28:50', NULL),
	(30, 3, 'Nulla consectetur itaque veritatis nobis.', 'Aspernatur et est consequatur ut officiis enim nam.', 'info', '[]', '2025-12-07 07:28:50', '2025-12-07 07:28:50', '2025-12-07 07:28:50', NULL),
	(31, 3, 'Odit amet.', 'Aliquam ipsum harum molestiae dicta totam excepturi voluptas inventore est praesentium.', 'tagihan', '[]', '2025-12-07 07:28:50', '2025-12-07 07:28:50', '2025-12-07 07:28:50', NULL),
	(32, 2, 'Ea nemo aut.', 'Quo ab eligendi adipisci fugit excepturi.', 'tagihan', '[]', '2025-12-07 07:28:50', '2025-12-07 07:28:50', '2025-12-07 07:28:50', NULL);

-- Dumping structure for table si-rtrw.pembayaran
CREATE TABLE IF NOT EXISTS `pembayaran` (
  `id` bigint(20) unsigned NOT NULL AUTO_INCREMENT,
  `iuran_instance_id` bigint(20) unsigned NOT NULL,
  `warga_id` bigint(20) unsigned NOT NULL,
  `tanggal_bayar` date DEFAULT NULL,
  `amount` decimal(15,2) NOT NULL DEFAULT 0.00,
  `metode` varchar(100) DEFAULT NULL,
  `metode_id` bigint(20) unsigned DEFAULT NULL,
  `status_verifikasi` varchar(50) NOT NULL DEFAULT 'pending',
  `receipt_no` varchar(100) DEFAULT NULL,
  `proof_path` varchar(255) DEFAULT NULL,
  `recorded_by` bigint(20) unsigned DEFAULT NULL,
  `created_at` timestamp NULL DEFAULT NULL,
  `updated_at` timestamp NULL DEFAULT NULL,
  `deleted_at` timestamp NULL DEFAULT NULL,
  PRIMARY KEY (`id`),
  KEY `pembayaran_iuran_instance_id_index` (`iuran_instance_id`),
  KEY `pembayaran_warga_id_index` (`warga_id`),
  KEY `pembayaran_tanggal_bayar_index` (`tanggal_bayar`),
  KEY `pembayaran_receipt_no_index` (`receipt_no`),
  KEY `pembayaran_recorded_by_index` (`recorded_by`),
  KEY `pembayaran_metode_id_foreign` (`metode_id`),
  CONSTRAINT `pembayaran_iuran_instance_id_foreign` FOREIGN KEY (`iuran_instance_id`) REFERENCES `iuran_instances` (`id`) ON DELETE CASCADE,
  CONSTRAINT `pembayaran_metode_id_foreign` FOREIGN KEY (`metode_id`) REFERENCES `metode_pembayaran` (`id`) ON DELETE SET NULL,
  CONSTRAINT `pembayaran_recorded_by_foreign` FOREIGN KEY (`recorded_by`) REFERENCES `users` (`id`) ON DELETE SET NULL,
  CONSTRAINT `pembayaran_warga_id_foreign` FOREIGN KEY (`warga_id`) REFERENCES `warga` (`id`) ON DELETE CASCADE
) ENGINE=InnoDB AUTO_INCREMENT=153 DEFAULT CHARSET=utf8mb4 COLLATE=utf8mb4_unicode_ci;

-- Dumping data for table si-rtrw.pembayaran: ~152 rows (approximately)
INSERT INTO `pembayaran` (`id`, `iuran_instance_id`, `warga_id`, `tanggal_bayar`, `amount`, `metode`, `metode_id`, `status_verifikasi`, `receipt_no`, `proof_path`, `recorded_by`, `created_at`, `updated_at`, `deleted_at`) VALUES
	(1, 3, 31, '2025-11-24', 50000.00, 'Cash', 1, 'terverifikasi', 'IRW-2025-01-0001', NULL, 3, '2025-12-06 11:25:59', '2025-12-06 11:25:59', NULL),
	(2, 3, 34, '2025-11-25', 50000.00, 'Transfer Bank', 2, 'menunggu', 'IRW-2025-01-0002', NULL, 3, '2025-12-06 11:25:59', '2025-12-06 11:25:59', NULL),
	(3, 7, 75, '2025-11-19', 50000.00, 'VA Bank BCA', 11, 'terverifikasi', 'IR-36311585', NULL, 3, '2025-12-07 07:28:50', '2025-12-07 07:28:50', NULL),
	(4, 14, 69, '2025-10-30', 50000.00, 'Transfer Bank', 2, 'terverifikasi', 'IR-63486341', NULL, 3, '2025-12-07 07:28:50', '2025-12-07 07:28:50', NULL),
	(5, 41, 77, '2025-11-10', 20000.00, 'VA Bank BCA', 11, 'menunggu', 'IR-57892925', NULL, 3, '2025-12-07 07:28:50', '2025-12-07 07:28:50', NULL),
	(6, 20, 62, '2025-10-04', 30000.00, 'Cash', 1, 'menunggu', 'IR-74352739', NULL, 3, '2025-12-07 07:28:50', '2025-12-07 07:28:50', NULL),
	(7, 49, 60, '2025-10-21', 20000.00, 'Cash', 1, 'menunggu', 'IR-35195154', NULL, 3, '2025-12-07 07:28:50', '2025-12-07 07:28:50', NULL),
	(8, 52, 74, '2025-09-25', 20000.00, 'VA Bank BCA', 11, 'terverifikasi', 'IR-17721797', NULL, 3, '2025-12-07 07:28:50', '2025-12-07 07:28:50', NULL),
	(9, 56, 73, '2025-10-27', 25000.00, 'VA Bank BCA', 11, 'terverifikasi', 'IR-27835251', NULL, 3, '2025-12-07 07:28:50', '2025-12-07 07:28:50', NULL),
	(10, 74, 54, '2025-09-05', 15000.00, 'VA Bank BCA', 11, 'menunggu', 'IR-26072902', NULL, 3, '2025-12-07 07:28:50', '2025-12-07 07:28:50', NULL),
	(11, 22, 49, '2025-10-25', 30000.00, 'E-Wallet', 3, 'terverifikasi', 'IR-54131730', NULL, 3, '2025-12-07 07:28:50', '2025-12-07 07:28:50', NULL),
	(12, 10, 69, '2025-09-17', 50000.00, 'Transfer Bank', 2, 'menunggu', 'IR-94565934', NULL, 3, '2025-12-07 07:28:50', '2025-12-07 07:28:50', NULL),
	(13, 13, 46, '2025-10-23', 50000.00, 'Cash', 1, 'terverifikasi', 'IR-99293032', NULL, 3, '2025-12-07 07:28:50', '2025-12-07 07:28:50', NULL),
	(14, 69, 47, '2025-12-02', 15000.00, 'Cash', 1, 'menunggu', 'IR-65649709', NULL, 3, '2025-12-07 07:28:50', '2025-12-07 07:28:50', NULL),
	(15, 25, 52, '2025-11-08', 30000.00, 'QRIS', 10, 'menunggu', 'IR-46963783', NULL, 3, '2025-12-07 07:28:50', '2025-12-07 07:28:50', NULL),
	(16, 70, 73, '2025-10-27', 15000.00, 'Cash', 1, 'menunggu', 'IR-93310156', NULL, 3, '2025-12-07 07:28:50', '2025-12-07 07:28:50', NULL),
	(17, 36, 43, '2025-12-02', 40000.00, 'E-Wallet', 3, 'terverifikasi', 'IR-10011714', NULL, 3, '2025-12-07 07:28:50', '2025-12-07 07:28:50', NULL),
	(18, 71, 52, '2025-11-02', 15000.00, 'Transfer Bank', 2, 'menunggu', 'IR-30923941', NULL, 3, '2025-12-07 07:28:50', '2025-12-07 07:28:50', NULL),
	(19, 25, 65, '2025-09-22', 30000.00, 'E-Wallet', 3, 'terverifikasi', 'IR-26268093', NULL, 3, '2025-12-07 07:28:50', '2025-12-07 07:28:50', NULL),
	(20, 21, 76, '2025-11-29', 30000.00, 'Cash', 1, 'terverifikasi', 'IR-44559100', NULL, 3, '2025-12-07 07:28:50', '2025-12-07 07:28:50', NULL),
	(21, 43, 75, '2025-11-14', 20000.00, 'QRIS', 10, 'terverifikasi', 'IR-04238034', NULL, 3, '2025-12-07 07:28:50', '2025-12-07 07:28:50', NULL),
	(22, 56, 56, '2025-09-29', 25000.00, 'VA Bank BCA', 11, 'menunggu', 'IR-16125776', NULL, 3, '2025-12-07 07:28:50', '2025-12-07 07:28:50', NULL),
	(23, 5, 65, '2025-10-22', 50000.00, 'Transfer Bank', 2, 'terverifikasi', 'IR-48749184', NULL, 3, '2025-12-07 07:28:50', '2025-12-07 07:28:50', NULL),
	(24, 67, 63, '2025-10-21', 15000.00, 'VA Bank BCA', 11, 'menunggu', 'IR-09982349', NULL, 3, '2025-12-07 07:28:50', '2025-12-07 07:28:50', NULL),
	(25, 21, 78, '2025-11-01', 30000.00, 'Transfer Bank', 2, 'terverifikasi', 'IR-38335868', NULL, 3, '2025-12-07 07:28:50', '2025-12-07 07:28:50', NULL),
	(26, 7, 46, '2025-12-02', 50000.00, 'Transfer Bank', 2, 'menunggu', 'IR-05359117', NULL, 3, '2025-12-07 07:28:50', '2025-12-07 07:28:50', NULL),
	(27, 10, 48, '2025-08-31', 50000.00, 'QRIS', 10, 'menunggu', 'IR-07393862', NULL, 3, '2025-12-07 07:28:50', '2025-12-07 07:28:50', NULL),
	(28, 37, 62, '2025-10-30', 40000.00, 'Cash', 1, 'terverifikasi', 'IR-59617130', NULL, 3, '2025-12-07 07:28:50', '2025-12-07 07:28:50', NULL),
	(29, 19, 48, '2025-08-30', 30000.00, 'VA Bank BCA', 11, 'terverifikasi', 'IR-97621697', NULL, 3, '2025-12-07 07:28:50', '2025-12-07 07:28:50', NULL),
	(30, 56, 71, '2025-11-27', 25000.00, 'VA Bank BCA', 11, 'terverifikasi', 'IR-69847557', NULL, 3, '2025-12-07 07:28:50', '2025-12-07 07:28:50', NULL),
	(31, 40, 46, '2025-09-25', 40000.00, 'QRIS', 10, 'terverifikasi', 'IR-04647278', NULL, 3, '2025-12-07 07:28:50', '2025-12-07 07:28:50', NULL),
	(32, 7, 61, '2025-11-03', 50000.00, 'VA Bank BCA', 11, 'menunggu', 'IR-00173227', NULL, 3, '2025-12-07 07:28:50', '2025-12-07 07:28:50', NULL),
	(33, 55, 45, '2025-09-15', 25000.00, 'Transfer Bank', 2, 'menunggu', 'IR-96702661', NULL, 3, '2025-12-07 07:28:50', '2025-12-07 07:28:50', NULL),
	(34, 13, 77, '2025-10-10', 50000.00, 'QRIS', 10, 'terverifikasi', 'IR-99740013', NULL, 3, '2025-12-07 07:28:50', '2025-12-07 07:28:50', NULL),
	(35, 64, 57, '2025-11-23', 25000.00, 'VA Bank BCA', 11, 'terverifikasi', 'IR-20633926', NULL, 3, '2025-12-07 07:28:50', '2025-12-07 07:28:50', NULL),
	(36, 60, 71, '2025-12-05', 25000.00, 'Transfer Bank', 2, 'terverifikasi', 'IR-19987188', NULL, 3, '2025-12-07 07:28:50', '2025-12-07 07:28:50', NULL),
	(37, 57, 80, '2025-09-01', 25000.00, 'Cash', 1, 'menunggu', 'IR-27404959', NULL, 3, '2025-12-07 07:28:50', '2025-12-07 07:28:50', NULL),
	(38, 32, 71, '2025-10-13', 40000.00, 'Transfer Bank', 2, 'menunggu', 'IR-25784299', NULL, 3, '2025-12-07 07:28:50', '2025-12-07 07:28:50', NULL),
	(39, 52, 47, '2025-09-14', 20000.00, 'Transfer Bank', 2, 'terverifikasi', 'IR-38374951', NULL, 3, '2025-12-07 07:28:50', '2025-12-07 07:28:50', NULL),
	(40, 21, 71, '2025-11-10', 30000.00, 'QRIS', 10, 'terverifikasi', 'IR-72007238', NULL, 3, '2025-12-07 07:28:50', '2025-12-07 07:28:50', NULL),
	(41, 34, 67, '2025-09-29', 40000.00, 'Transfer Bank', 2, 'menunggu', 'IR-33966104', NULL, 3, '2025-12-07 07:28:50', '2025-12-07 07:28:50', NULL),
	(42, 20, 62, '2025-10-03', 30000.00, 'E-Wallet', 3, 'menunggu', 'IR-94337587', NULL, 3, '2025-12-07 07:28:50', '2025-12-07 07:28:50', NULL),
	(43, 46, 52, '2025-09-20', 20000.00, 'Transfer Bank', 2, 'menunggu', 'IR-08037571', NULL, 3, '2025-12-07 07:28:50', '2025-12-07 07:28:50', NULL),
	(44, 37, 73, '2025-11-18', 40000.00, 'Cash', 1, 'menunggu', 'IR-11052285', NULL, 3, '2025-12-07 07:28:50', '2025-12-07 07:28:50', NULL),
	(45, 20, 69, '2025-11-30', 30000.00, 'Cash', 1, 'terverifikasi', 'IR-28195524', NULL, 3, '2025-12-07 07:28:50', '2025-12-07 07:28:50', NULL),
	(46, 53, 57, '2025-10-25', 25000.00, 'Transfer Bank', 2, 'menunggu', 'IR-27563477', NULL, 3, '2025-12-07 07:28:50', '2025-12-07 07:28:50', NULL),
	(47, 60, 63, '2025-09-10', 25000.00, 'Transfer Bank', 2, 'terverifikasi', 'IR-11415291', NULL, 3, '2025-12-07 07:28:50', '2025-12-07 07:28:50', NULL),
	(48, 25, 62, '2025-09-13', 30000.00, 'VA Bank BCA', 11, 'terverifikasi', 'IR-06111572', NULL, 3, '2025-12-07 07:28:50', '2025-12-07 07:28:50', NULL),
	(49, 58, 62, '2025-11-06', 25000.00, 'QRIS', 10, 'menunggu', 'IR-60238823', NULL, 3, '2025-12-07 07:28:50', '2025-12-07 07:28:50', NULL),
	(50, 28, 67, '2025-09-20', 30000.00, 'E-Wallet', 3, 'terverifikasi', 'IR-61386672', NULL, 3, '2025-12-07 07:28:50', '2025-12-07 07:28:50', NULL),
	(51, 56, 64, '2025-11-13', 25000.00, 'E-Wallet', 3, 'terverifikasi', 'IR-87037615', NULL, 3, '2025-12-07 07:28:50', '2025-12-07 07:28:50', NULL),
	(52, 36, 63, '2025-09-12', 40000.00, 'QRIS', 10, 'terverifikasi', 'IR-52854651', NULL, 3, '2025-12-07 07:28:50', '2025-12-07 07:28:50', NULL),
	(53, 65, 53, '2025-09-05', 15000.00, 'QRIS', 10, 'terverifikasi', 'IR-58427746', NULL, 3, '2025-12-07 07:28:50', '2025-12-07 07:28:50', NULL),
	(54, 18, 57, '2025-08-31', 30000.00, 'Cash', 1, 'terverifikasi', 'IR-19644019', NULL, 3, '2025-12-07 07:28:50', '2025-12-07 07:28:50', NULL),
	(55, 43, 63, '2025-11-14', 20000.00, 'Cash', 1, 'menunggu', 'IR-61816636', NULL, 3, '2025-12-07 07:28:50', '2025-12-07 07:28:50', NULL),
	(56, 13, 56, '2025-09-09', 50000.00, 'Cash', 1, 'menunggu', 'IR-49685421', NULL, 3, '2025-12-07 07:28:50', '2025-12-07 07:28:50', NULL),
	(57, 46, 63, '2025-10-20', 20000.00, 'Transfer Bank', 2, 'menunggu', 'IR-22675211', NULL, 3, '2025-12-07 07:28:50', '2025-12-07 07:28:50', NULL),
	(58, 73, 61, '2025-12-06', 15000.00, 'VA Bank BCA', 11, 'terverifikasi', 'IR-63583424', NULL, 3, '2025-12-07 07:28:50', '2025-12-07 07:28:50', NULL),
	(59, 30, 53, '2025-09-21', 40000.00, 'Transfer Bank', 2, 'menunggu', 'IR-35305499', NULL, 3, '2025-12-07 07:28:50', '2025-12-07 07:28:50', NULL),
	(60, 49, 79, '2025-09-10', 20000.00, 'E-Wallet', 3, 'terverifikasi', 'IR-64398916', NULL, 3, '2025-12-07 07:28:50', '2025-12-07 07:28:50', NULL),
	(61, 72, 44, '2025-09-02', 15000.00, 'VA Bank BCA', 11, 'terverifikasi', 'IR-06341982', NULL, 3, '2025-12-07 07:28:50', '2025-12-07 07:28:50', NULL),
	(62, 19, 78, '2025-11-05', 30000.00, 'E-Wallet', 3, 'terverifikasi', 'IR-75494532', NULL, 3, '2025-12-07 07:28:50', '2025-12-07 07:28:50', NULL),
	(63, 22, 41, '2025-10-06', 30000.00, 'VA Bank BCA', 11, 'terverifikasi', 'IR-84895296', NULL, 3, '2025-12-07 07:28:50', '2025-12-07 07:28:50', NULL),
	(64, 9, 45, '2025-11-02', 50000.00, 'Cash', 1, 'menunggu', 'IR-96110783', NULL, 3, '2025-12-07 07:28:50', '2025-12-07 07:28:50', NULL),
	(65, 51, 50, '2025-09-19', 20000.00, 'QRIS', 10, 'terverifikasi', 'IR-79582659', NULL, 3, '2025-12-07 07:28:50', '2025-12-07 07:28:50', NULL),
	(66, 46, 45, '2025-11-29', 20000.00, 'Transfer Bank', 2, 'menunggu', 'IR-93521130', NULL, 3, '2025-12-07 07:28:50', '2025-12-07 07:28:50', NULL),
	(67, 32, 71, '2025-11-27', 40000.00, 'Transfer Bank', 2, 'menunggu', 'IR-46454784', NULL, 3, '2025-12-07 07:28:50', '2025-12-07 07:28:50', NULL),
	(68, 41, 49, '2025-10-04', 20000.00, 'E-Wallet', 3, 'menunggu', 'IR-59612379', NULL, 3, '2025-12-07 07:28:50', '2025-12-07 07:28:50', NULL),
	(69, 66, 42, '2025-09-06', 15000.00, 'Cash', 1, 'terverifikasi', 'IR-50830699', NULL, 3, '2025-12-07 07:28:50', '2025-12-07 07:28:50', NULL),
	(70, 20, 72, '2025-12-03', 30000.00, 'QRIS', 10, 'menunggu', 'IR-48255870', NULL, 3, '2025-12-07 07:28:50', '2025-12-07 07:28:50', NULL),
	(71, 72, 54, '2025-11-16', 15000.00, 'E-Wallet', 3, 'menunggu', 'IR-61398078', NULL, 3, '2025-12-07 07:28:50', '2025-12-07 07:28:50', NULL),
	(72, 69, 68, '2025-11-27', 15000.00, 'Cash', 1, 'terverifikasi', 'IR-04309141', NULL, 3, '2025-12-07 07:28:50', '2025-12-07 07:28:50', NULL),
	(73, 37, 54, '2025-10-14', 40000.00, 'VA Bank BCA', 11, 'menunggu', 'IR-22973845', NULL, 3, '2025-12-07 07:28:50', '2025-12-07 07:28:50', NULL),
	(74, 33, 63, '2025-10-06', 40000.00, 'Transfer Bank', 2, 'terverifikasi', 'IR-36539314', NULL, 3, '2025-12-07 07:28:50', '2025-12-07 07:28:50', NULL),
	(75, 7, 54, '2025-11-15', 50000.00, 'Transfer Bank', 2, 'menunggu', 'IR-03732669', NULL, 3, '2025-12-07 07:28:50', '2025-12-07 07:28:50', NULL),
	(76, 46, 41, '2025-08-30', 20000.00, 'Cash', 1, 'terverifikasi', 'IR-78943461', NULL, 3, '2025-12-07 07:28:50', '2025-12-07 07:28:50', NULL),
	(77, 73, 62, '2025-10-08', 15000.00, 'Transfer Bank', 2, 'terverifikasi', 'IR-17116200', NULL, 3, '2025-12-07 07:28:50', '2025-12-07 07:28:50', NULL),
	(78, 49, 60, '2025-09-28', 20000.00, 'Transfer Bank', 2, 'terverifikasi', 'IR-91476362', NULL, 3, '2025-12-07 07:28:50', '2025-12-07 07:28:50', NULL),
	(79, 56, 75, '2025-10-23', 25000.00, 'VA Bank BCA', 11, 'menunggu', 'IR-19916735', NULL, 3, '2025-12-07 07:28:50', '2025-12-07 07:28:50', NULL),
	(80, 32, 55, '2025-09-22', 40000.00, 'VA Bank BCA', 11, 'terverifikasi', 'IR-40882868', NULL, 3, '2025-12-07 07:28:50', '2025-12-07 07:28:50', NULL),
	(81, 12, 67, '2025-10-19', 50000.00, 'Transfer Bank', 2, 'terverifikasi', 'IR-51972113', NULL, 3, '2025-12-07 07:28:50', '2025-12-07 07:28:50', NULL),
	(82, 18, 58, '2025-11-24', 30000.00, 'Transfer Bank', 2, 'terverifikasi', 'IR-07427382', NULL, 3, '2025-12-07 07:28:50', '2025-12-07 07:28:50', NULL),
	(83, 58, 72, '2025-11-14', 25000.00, 'Transfer Bank', 2, 'menunggu', 'IR-48886089', NULL, 3, '2025-12-07 07:28:50', '2025-12-07 07:28:50', NULL),
	(84, 7, 44, '2025-11-08', 50000.00, 'E-Wallet', 3, 'terverifikasi', 'IR-55156098', NULL, 3, '2025-12-07 07:28:50', '2025-12-07 07:28:50', NULL),
	(85, 26, 76, '2025-11-11', 30000.00, 'VA Bank BCA', 11, 'terverifikasi', 'IR-21533704', NULL, 3, '2025-12-07 07:28:50', '2025-12-07 07:28:50', NULL),
	(86, 50, 73, '2025-11-18', 20000.00, 'E-Wallet', 3, 'terverifikasi', 'IR-03440799', NULL, 3, '2025-12-07 07:28:50', '2025-12-07 07:28:50', NULL),
	(87, 55, 50, '2025-10-16', 25000.00, 'Cash', 1, 'menunggu', 'IR-69107279', NULL, 3, '2025-12-07 07:28:50', '2025-12-07 07:28:50', NULL),
	(88, 29, 49, '2025-11-07', 40000.00, 'VA Bank BCA', 11, 'menunggu', 'IR-36673308', NULL, 3, '2025-12-07 07:28:50', '2025-12-07 07:28:50', NULL),
	(89, 50, 48, '2025-08-31', 20000.00, 'VA Bank BCA', 11, 'terverifikasi', 'IR-95389060', NULL, 3, '2025-12-07 07:28:50', '2025-12-07 07:28:50', NULL),
	(90, 14, 61, '2025-10-22', 50000.00, 'QRIS', 10, 'menunggu', 'IR-43874600', NULL, 3, '2025-12-07 07:28:50', '2025-12-07 07:28:50', NULL),
	(91, 43, 54, '2025-11-13', 20000.00, 'Transfer Bank', 2, 'menunggu', 'IR-17217472', NULL, 3, '2025-12-07 07:28:50', '2025-12-07 07:28:50', NULL),
	(92, 37, 65, '2025-12-04', 40000.00, 'E-Wallet', 3, 'menunggu', 'IR-05041222', NULL, 3, '2025-12-07 07:28:50', '2025-12-07 07:28:50', NULL),
	(93, 41, 65, '2025-11-14', 20000.00, 'Cash', 1, 'terverifikasi', 'IR-17412043', NULL, 3, '2025-12-07 07:28:50', '2025-12-07 07:28:50', NULL),
	(94, 76, 67, '2025-10-19', 15000.00, 'Transfer Bank', 2, 'menunggu', 'IR-92724854', NULL, 3, '2025-12-07 07:28:50', '2025-12-07 07:28:50', NULL),
	(95, 62, 54, '2025-09-21', 25000.00, 'QRIS', 10, 'menunggu', 'IR-56605649', NULL, 3, '2025-12-07 07:28:50', '2025-12-07 07:28:50', NULL),
	(96, 28, 69, '2025-11-09', 30000.00, 'QRIS', 10, 'terverifikasi', 'IR-59064878', NULL, 3, '2025-12-07 07:28:50', '2025-12-07 07:28:50', NULL),
	(97, 36, 54, '2025-10-05', 40000.00, 'Cash', 1, 'terverifikasi', 'IR-06962164', NULL, 3, '2025-12-07 07:28:50', '2025-12-07 07:28:50', NULL),
	(98, 72, 68, '2025-09-13', 15000.00, 'VA Bank BCA', 11, 'terverifikasi', 'IR-31648246', NULL, 3, '2025-12-07 07:28:50', '2025-12-07 07:28:50', NULL),
	(99, 11, 73, '2025-11-06', 50000.00, 'VA Bank BCA', 11, 'menunggu', 'IR-22057123', NULL, 3, '2025-12-07 07:28:50', '2025-12-07 07:28:50', NULL),
	(100, 38, 68, '2025-11-09', 40000.00, 'VA Bank BCA', 11, 'menunggu', 'IR-36316664', NULL, 3, '2025-12-07 07:28:50', '2025-12-07 07:28:50', NULL),
	(101, 51, 48, '2025-10-11', 20000.00, 'E-Wallet', 3, 'menunggu', 'IR-81625297', NULL, 3, '2025-12-07 07:28:50', '2025-12-07 07:28:50', NULL),
	(102, 28, 76, '2025-09-25', 30000.00, 'VA Bank BCA', 11, 'terverifikasi', 'IR-25899926', NULL, 3, '2025-12-07 07:28:50', '2025-12-07 07:28:50', NULL),
	(103, 45, 47, '2025-10-24', 20000.00, 'QRIS', 10, 'terverifikasi', 'IR-54755158', NULL, 3, '2025-12-07 07:28:50', '2025-12-07 07:28:50', NULL),
	(104, 6, 49, '2025-09-27', 50000.00, 'Cash', 1, 'terverifikasi', 'IR-43046229', NULL, 3, '2025-12-07 07:28:50', '2025-12-07 07:28:50', NULL),
	(105, 36, 75, '2025-10-27', 40000.00, 'Cash', 1, 'terverifikasi', 'IR-11991786', NULL, 3, '2025-12-07 07:28:50', '2025-12-07 07:28:50', NULL),
	(106, 28, 80, '2025-11-28', 30000.00, 'E-Wallet', 3, 'terverifikasi', 'IR-94268089', NULL, 3, '2025-12-07 07:28:50', '2025-12-07 07:28:50', NULL),
	(107, 71, 54, '2025-11-14', 15000.00, 'VA Bank BCA', 11, 'menunggu', 'IR-43241037', NULL, 3, '2025-12-07 07:28:50', '2025-12-07 07:28:50', NULL),
	(108, 20, 53, '2025-11-11', 30000.00, 'Cash', 1, 'terverifikasi', 'IR-96309383', NULL, 3, '2025-12-07 07:28:50', '2025-12-07 07:28:50', NULL),
	(109, 44, 64, '2025-10-13', 20000.00, 'E-Wallet', 3, 'menunggu', 'IR-72057791', NULL, 3, '2025-12-07 07:28:50', '2025-12-07 07:28:50', NULL),
	(110, 42, 68, '2025-09-20', 20000.00, 'VA Bank BCA', 11, 'terverifikasi', 'IR-65019486', NULL, 3, '2025-12-07 07:28:50', '2025-12-07 07:28:50', NULL),
	(111, 73, 61, '2025-09-02', 15000.00, 'Transfer Bank', 2, 'terverifikasi', 'IR-29551512', NULL, 3, '2025-12-07 07:28:50', '2025-12-07 07:28:50', NULL),
	(112, 72, 76, '2025-11-27', 15000.00, 'VA Bank BCA', 11, 'menunggu', 'IR-72385193', NULL, 3, '2025-12-07 07:28:50', '2025-12-07 07:28:50', NULL),
	(113, 24, 59, '2025-10-22', 30000.00, 'Transfer Bank', 2, 'menunggu', 'IR-25662818', NULL, 3, '2025-12-07 07:28:50', '2025-12-07 07:28:50', NULL),
	(114, 37, 63, '2025-10-27', 40000.00, 'E-Wallet', 3, 'menunggu', 'IR-96791449', NULL, 3, '2025-12-07 07:28:50', '2025-12-07 07:28:50', NULL),
	(115, 35, 61, '2025-11-12', 40000.00, 'VA Bank BCA', 11, 'terverifikasi', 'IR-08168480', NULL, 3, '2025-12-07 07:28:50', '2025-12-07 07:28:50', NULL),
	(116, 19, 78, '2025-09-19', 30000.00, 'VA Bank BCA', 11, 'menunggu', 'IR-69765596', NULL, 3, '2025-12-07 07:28:50', '2025-12-07 07:28:50', NULL),
	(117, 69, 69, '2025-10-11', 15000.00, 'Transfer Bank', 2, 'terverifikasi', 'IR-35791394', NULL, 3, '2025-12-07 07:28:50', '2025-12-07 07:28:50', NULL),
	(118, 51, 67, '2025-11-02', 20000.00, 'Transfer Bank', 2, 'menunggu', 'IR-82201557', NULL, 3, '2025-12-07 07:28:50', '2025-12-07 07:28:50', NULL),
	(119, 67, 77, '2025-11-12', 15000.00, 'QRIS', 10, 'terverifikasi', 'IR-26737076', NULL, 3, '2025-12-07 07:28:50', '2025-12-07 07:28:50', NULL),
	(120, 62, 74, '2025-09-21', 25000.00, 'Cash', 1, 'terverifikasi', 'IR-00053150', NULL, 3, '2025-12-07 07:28:50', '2025-12-07 07:28:50', NULL),
	(121, 47, 63, '2025-10-04', 20000.00, 'QRIS', 10, 'menunggu', 'IR-03312856', NULL, 3, '2025-12-07 07:28:50', '2025-12-07 07:28:50', NULL),
	(122, 20, 68, '2025-09-17', 30000.00, 'E-Wallet', 3, 'menunggu', 'IR-01426306', NULL, 3, '2025-12-07 07:28:50', '2025-12-07 07:28:50', NULL),
	(123, 6, 78, '2025-12-01', 50000.00, 'Transfer Bank', 2, 'terverifikasi', 'IR-33396628', NULL, 3, '2025-12-07 07:28:50', '2025-12-07 07:28:50', NULL),
	(124, 59, 65, '2025-10-05', 25000.00, 'QRIS', 10, 'terverifikasi', 'IR-25422952', NULL, 3, '2025-12-07 07:28:50', '2025-12-07 07:28:50', NULL),
	(125, 55, 55, '2025-11-16', 25000.00, 'E-Wallet', 3, 'menunggu', 'IR-68326259', NULL, 3, '2025-12-07 07:28:50', '2025-12-07 07:28:50', NULL),
	(126, 10, 65, '2025-10-20', 50000.00, 'Cash', 1, 'terverifikasi', 'IR-65397202', NULL, 3, '2025-12-07 07:28:50', '2025-12-07 07:28:50', NULL),
	(127, 34, 65, '2025-11-09', 40000.00, 'QRIS', 10, 'terverifikasi', 'IR-24688782', NULL, 3, '2025-12-07 07:28:50', '2025-12-07 07:28:50', NULL),
	(128, 54, 44, '2025-10-02', 25000.00, 'E-Wallet', 3, 'menunggu', 'IR-81994471', NULL, 3, '2025-12-07 07:28:50', '2025-12-07 07:28:50', NULL),
	(129, 71, 72, '2025-10-20', 15000.00, 'VA Bank BCA', 11, 'menunggu', 'IR-92875011', NULL, 3, '2025-12-07 07:28:50', '2025-12-07 07:28:50', NULL),
	(130, 40, 50, '2025-09-15', 40000.00, 'Cash', 1, 'terverifikasi', 'IR-27222774', NULL, 3, '2025-12-07 07:28:50', '2025-12-07 07:28:50', NULL),
	(131, 59, 65, '2025-10-13', 25000.00, 'QRIS', 10, 'menunggu', 'IR-41509152', NULL, 3, '2025-12-07 07:28:50', '2025-12-07 07:28:50', NULL),
	(132, 32, 62, '2025-11-22', 40000.00, 'VA Bank BCA', 11, 'terverifikasi', 'IR-01029051', NULL, 3, '2025-12-07 07:28:50', '2025-12-07 07:28:50', NULL),
	(133, 16, 65, '2025-10-24', 50000.00, 'E-Wallet', 3, 'terverifikasi', 'IR-85573339', NULL, 3, '2025-12-07 07:28:50', '2025-12-07 07:28:50', NULL),
	(134, 15, 79, '2025-10-16', 50000.00, 'Transfer Bank', 2, 'terverifikasi', 'IR-84980425', NULL, 3, '2025-12-07 07:28:50', '2025-12-07 07:28:50', NULL),
	(135, 14, 57, '2025-10-31', 50000.00, 'E-Wallet', 3, 'terverifikasi', 'IR-83071182', NULL, 3, '2025-12-07 07:28:50', '2025-12-07 07:28:50', NULL),
	(136, 68, 75, '2025-10-04', 15000.00, 'Transfer Bank', 2, 'terverifikasi', 'IR-94884941', NULL, 3, '2025-12-07 07:28:50', '2025-12-07 07:28:50', NULL),
	(137, 26, 67, '2025-11-23', 30000.00, 'QRIS', 10, 'menunggu', 'IR-59768147', NULL, 3, '2025-12-07 07:28:50', '2025-12-07 07:28:50', NULL),
	(138, 16, 67, '2025-11-20', 50000.00, 'VA Bank BCA', 11, 'menunggu', 'IR-47431981', NULL, 3, '2025-12-07 07:28:50', '2025-12-07 07:28:50', NULL),
	(139, 8, 56, '2025-10-31', 50000.00, 'Cash', 1, 'terverifikasi', 'IR-08840725', NULL, 3, '2025-12-07 07:28:50', '2025-12-07 07:28:50', NULL),
	(140, 29, 42, '2025-11-14', 40000.00, 'Cash', 1, 'menunggu', 'IR-23710501', NULL, 3, '2025-12-07 07:28:50', '2025-12-07 07:28:50', NULL),
	(141, 35, 51, '2025-10-17', 40000.00, 'Cash', 1, 'terverifikasi', 'IR-21068590', NULL, 3, '2025-12-07 07:28:50', '2025-12-07 07:28:50', NULL),
	(142, 44, 61, '2025-11-30', 20000.00, 'VA Bank BCA', 11, 'terverifikasi', 'IR-15812634', NULL, 3, '2025-12-07 07:28:50', '2025-12-07 07:28:50', NULL),
	(143, 75, 53, '2025-10-10', 15000.00, 'E-Wallet', 3, 'terverifikasi', 'IR-00590058', NULL, 3, '2025-12-07 07:28:50', '2025-12-07 07:28:50', NULL),
	(144, 14, 42, '2025-11-05', 50000.00, 'QRIS', 10, 'menunggu', 'IR-75636715', NULL, 3, '2025-12-07 07:28:50', '2025-12-07 07:28:50', NULL),
	(145, 75, 73, '2025-10-20', 15000.00, 'Cash', 1, 'menunggu', 'IR-26598806', NULL, 3, '2025-12-07 07:28:50', '2025-12-07 07:28:50', NULL),
	(146, 29, 66, '2025-10-19', 40000.00, 'QRIS', 10, 'terverifikasi', 'IR-87830516', NULL, 3, '2025-12-07 07:28:50', '2025-12-07 07:28:50', NULL),
	(147, 66, 57, '2025-09-14', 15000.00, 'E-Wallet', 3, 'terverifikasi', 'IR-28678362', NULL, 3, '2025-12-07 07:28:50', '2025-12-07 07:28:50', NULL),
	(148, 41, 49, '2025-09-13', 20000.00, 'QRIS', 10, 'terverifikasi', 'IR-64325239', NULL, 3, '2025-12-07 07:28:50', '2025-12-07 07:28:50', NULL),
	(149, 13, 67, '2025-09-27', 50000.00, 'Cash', 1, 'menunggu', 'IR-67692482', NULL, 3, '2025-12-07 07:28:50', '2025-12-07 07:28:50', NULL),
	(150, 38, 45, '2025-11-26', 40000.00, 'Transfer Bank', 2, 'terverifikasi', 'IR-62231026', NULL, 3, '2025-12-07 07:28:50', '2025-12-07 07:28:50', NULL),
	(151, 27, 54, '2025-11-07', 30000.00, 'E-Wallet', 3, 'menunggu', 'IR-22533878', NULL, 3, '2025-12-07 07:28:50', '2025-12-07 07:28:50', NULL),
	(152, 67, 44, '2025-11-10', 15000.00, 'Cash', 1, 'menunggu', 'IR-58864550', NULL, 3, '2025-12-07 07:28:50', '2025-12-07 07:28:50', NULL);

-- Dumping structure for table si-rtrw.profil_wilayah
CREATE TABLE IF NOT EXISTS `profil_wilayah` (
  `id` bigint(20) unsigned NOT NULL AUTO_INCREMENT,
  `nama_rt_rw` varchar(255) NOT NULL,
  `alamat_sekretariat` varchar(255) DEFAULT NULL,
  `kontak` varchar(255) DEFAULT NULL,
  `logo_path` varchar(255) DEFAULT NULL,
  `deskripsi` text DEFAULT NULL,
  `created_at` timestamp NULL DEFAULT NULL,
  `updated_at` timestamp NULL DEFAULT NULL,
  `deleted_at` timestamp NULL DEFAULT NULL,
  PRIMARY KEY (`id`)
) ENGINE=InnoDB AUTO_INCREMENT=4 DEFAULT CHARSET=utf8mb4 COLLATE=utf8mb4_unicode_ci;

-- Dumping data for table si-rtrw.profil_wilayah: ~2 rows (approximately)
INSERT INTO `profil_wilayah` (`id`, `nama_rt_rw`, `alamat_sekretariat`, `kontak`, `logo_path`, `deskripsi`, `created_at`, `updated_at`, `deleted_at`) VALUES
	(1, 'RT 05 / RW 03', 'Jl. Melati No. 8, Kelurahan Sukamaju', '0812-3456-7890', NULL, 'Wilayah RT 05 / RW 03  data dummy otomatis.', '2025-12-06 11:18:33', '2025-12-07 07:28:48', NULL),
	(2, 'RT 05 / RW 03', 'Jl. Melati No. 8, Kelurahan Sukamaju', '0812-3456-7890', NULL, 'Sistem Informasi RT 05 / RW 03 untuk pengelolaan data warga, keuangan, dan kegiatan.', '2025-12-06 11:19:14', '2025-12-06 11:19:14', NULL),
	(3, 'RT 05 / RW 03', 'Jl. Melati No. 8, Kelurahan Sukamaju', '0812-3456-7890', NULL, 'Sistem Informasi RT 05 / RW 03 untuk pengelolaan data warga, keuangan, dan kegiatan.', '2025-12-06 11:22:39', '2025-12-06 11:22:39', NULL);

-- Dumping structure for table si-rtrw.sessions
CREATE TABLE IF NOT EXISTS `sessions` (
  `id` varchar(255) NOT NULL,
  `user_id` bigint(20) unsigned DEFAULT NULL,
  `ip_address` varchar(45) DEFAULT NULL,
  `user_agent` text DEFAULT NULL,
  `payload` longtext NOT NULL,
  `last_activity` int(11) NOT NULL,
  PRIMARY KEY (`id`),
  KEY `sessions_user_id_index` (`user_id`),
  KEY `sessions_last_activity_index` (`last_activity`)
) ENGINE=InnoDB DEFAULT CHARSET=utf8mb4 COLLATE=utf8mb4_unicode_ci;

-- Dumping data for table si-rtrw.sessions: ~2 rows (approximately)
INSERT INTO `sessions` (`id`, `user_id`, `ip_address`, `user_agent`, `payload`, `last_activity`) VALUES
	('thqC9fmW2E4XkFVD482ApZOkifn8EJc83y44awfR', NULL, '127.0.0.1', 'Mozilla/5.0 (Windows NT 10.0; Win64; x64) AppleWebKit/537.36 (KHTML, like Gecko) Chrome/143.0.0.0 Safari/537.36', 'YTozOntzOjY6Il90b2tlbiI7czo0MDoicTh5d1pRdkRTZlM5ZDFSeGh1M2t0YzNIUmFqQm5aODBxNHhUUGRNVyI7czo5OiJfcHJldmlvdXMiO2E6Mjp7czozOiJ1cmwiO3M6Mjc6Imh0dHA6Ly8xMjcuMC4wLjE6ODAwMC9sb2dpbiI7czo1OiJyb3V0ZSI7czo1OiJsb2dpbiI7fXM6NjoiX2ZsYXNoIjthOjI6e3M6Mzoib2xkIjthOjA6e31zOjM6Im5ldyI7YTowOnt9fX0=', 1765184024),
	('YIMoHVpVylU5iAWlv48x27rvJb5P7xXF1a8TnoPK', 1, '127.0.0.1', 'Mozilla/5.0 (Windows NT 10.0; Win64; x64) AppleWebKit/537.36 (KHTML, like Gecko) Chrome/143.0.0.0 Safari/537.36', 'YTo0OntzOjY6Il90b2tlbiI7czo0MDoiVTltWjVPTU5oTEtMSDFmS1NncER4VFFrM1UwQ2xuYUF0cVZjb2FDaSI7czo2OiJfZmxhc2giO2E6Mjp7czozOiJvbGQiO2E6MDp7fXM6MzoibmV3IjthOjA6e319czo5OiJfcHJldmlvdXMiO2E6Mjp7czozOiJ1cmwiO3M6Mzg6Imh0dHA6Ly8xMjcuMC4wLjE6ODAwMC9rZWdpYXRhbi9yaXdheWF0IjtzOjU6InJvdXRlIjtzOjIyOiJrZWdpYXRhbi5yaXdheWF0LmluZGV4Ijt9czo1MDoibG9naW5fd2ViXzU5YmEzNmFkZGMyYjJmOTQwMTU4MGYwMTRjN2Y1OGVhNGUzMDk4OWQiO2k6MTt9', 1765117838);

-- Dumping structure for table si-rtrw.transactions
CREATE TABLE IF NOT EXISTS `transactions` (
  `id` bigint(20) unsigned NOT NULL AUTO_INCREMENT,
  `tanggal` date DEFAULT NULL,
  `type` enum('in','out') NOT NULL DEFAULT 'in',
  `kategori` varchar(100) DEFAULT NULL,
  `kategori_id` bigint(20) unsigned DEFAULT NULL,
  `reference_table` varchar(100) DEFAULT NULL,
  `reference_id` bigint(20) unsigned DEFAULT NULL,
  `amount` decimal(15,2) NOT NULL DEFAULT 0.00,
  `balance_after` decimal(15,2) DEFAULT NULL,
  `recorded_by` bigint(20) unsigned DEFAULT NULL,
  `description` text DEFAULT NULL,
  `created_at` timestamp NULL DEFAULT NULL,
  `updated_at` timestamp NULL DEFAULT NULL,
  `deleted_at` timestamp NULL DEFAULT NULL,
  PRIMARY KEY (`id`),
  KEY `transactions_tanggal_index` (`tanggal`),
  KEY `transactions_reference_id_index` (`reference_id`),
  KEY `transactions_balance_after_index` (`balance_after`),
  KEY `transactions_recorded_by_index` (`recorded_by`),
  KEY `transactions_kategori_id_foreign` (`kategori_id`),
  CONSTRAINT `transactions_kategori_id_foreign` FOREIGN KEY (`kategori_id`) REFERENCES `kategori_keuangan` (`id`) ON DELETE SET NULL,
  CONSTRAINT `transactions_recorded_by_foreign` FOREIGN KEY (`recorded_by`) REFERENCES `users` (`id`) ON DELETE SET NULL
) ENGINE=InnoDB AUTO_INCREMENT=53 DEFAULT CHARSET=utf8mb4 COLLATE=utf8mb4_unicode_ci;

-- Dumping data for table si-rtrw.transactions: ~52 rows (approximately)
INSERT INTO `transactions` (`id`, `tanggal`, `type`, `kategori`, `kategori_id`, `reference_table`, `reference_id`, `amount`, `balance_after`, `recorded_by`, `description`, `created_at`, `updated_at`, `deleted_at`) VALUES
	(1, '2025-11-26', 'in', 'Iuran Warga', 1, 'kas', 3, 500000.00, 500000.00, 3, 'Setoran iuran kebersihan Januari.', '2025-12-06 11:25:59', '2025-12-06 11:25:59', NULL),
	(2, '2025-12-01', 'out', 'Dana Kegiatan', 3, 'kas', 4, 200000.00, 300000.00, 3, 'Pembelian peralatan kerja bakti.', '2025-12-06 11:25:59', '2025-12-06 11:25:59', NULL),
	(3, '2025-09-03', 'in', 'Kegiatan', 1, 'kas', 5, 139431.00, 139431.00, 3, 'Unde culpa earum praesentium ad voluptatem.', '2025-12-07 07:28:49', '2025-12-07 07:28:49', NULL),
	(4, '2025-12-04', 'out', 'Kegiatan', 1, 'kas', 6, 40297.00, 99134.00, 3, 'Soluta a ut quibusdam provident.', '2025-12-07 07:28:49', '2025-12-07 07:28:49', NULL),
	(5, '2025-11-14', 'out', 'Dana Sosial', 1, 'kas', 7, 51723.00, 47411.00, 3, 'Velit sit rem ea ut.', '2025-12-07 07:28:49', '2025-12-07 07:28:49', NULL),
	(6, '2025-08-13', 'in', 'Dana Sosial', 1, 'kas', 8, 28040.00, 75451.00, 3, 'Quos hic neque eum non debitis sunt aliquam occaecati.', '2025-12-07 07:28:49', '2025-12-07 07:28:49', NULL),
	(7, '2025-09-28', 'out', 'Dana Sosial', 1, 'kas', 9, 126777.00, -51326.00, 3, 'Ipsam atque sequi perspiciatis voluptate voluptatem ad praesentium.', '2025-12-07 07:28:49', '2025-12-07 07:28:49', NULL),
	(8, '2025-11-24', 'in', 'Kegiatan', 1, 'kas', 10, 112182.00, 60856.00, 3, 'Sed magnam illo quo natus.', '2025-12-07 07:28:49', '2025-12-07 07:28:49', NULL),
	(9, '2025-10-01', 'in', 'Dana Sosial', 1, 'kas', 11, 47954.00, 108810.00, 3, 'Impedit ut occaecati quia esse quisquam nisi dolorem nam.', '2025-12-07 07:28:49', '2025-12-07 07:28:49', NULL),
	(10, '2025-10-02', 'out', 'Iuran Warga', 1, 'kas', 12, 52334.00, 56476.00, 3, 'Quo qui expedita vel sunt eum commodi.', '2025-12-07 07:28:49', '2025-12-07 07:28:49', NULL),
	(11, '2025-09-21', 'out', 'Iuran Warga', 1, 'kas', 13, 49404.00, 7072.00, 3, 'Ab illo quia quas minus natus accusantium distinctio.', '2025-12-07 07:28:49', '2025-12-07 07:28:49', NULL),
	(12, '2025-09-06', 'in', 'Iuran Warga', 1, 'kas', 14, 168689.00, 175761.00, 3, 'Tenetur tenetur excepturi facilis repellendus dolor eos repudiandae.', '2025-12-07 07:28:49', '2025-12-07 07:28:49', NULL),
	(13, '2025-10-07', 'out', 'Dana Sosial', 1, 'kas', 15, 143007.00, 32754.00, 3, 'Nesciunt explicabo dolorum laudantium maxime qui dolorem officia facilis.', '2025-12-07 07:28:49', '2025-12-07 07:28:49', NULL),
	(14, '2025-10-19', 'in', 'Dana Sosial', 1, 'kas', 16, 116721.00, 149475.00, 3, 'Culpa corporis qui eum porro sed et nam.', '2025-12-07 07:28:49', '2025-12-07 07:28:49', NULL),
	(15, '2025-08-16', 'in', 'Kegiatan', 1, 'kas', 17, 102476.00, 251951.00, 3, 'Qui dolorem sunt non in et quia.', '2025-12-07 07:28:49', '2025-12-07 07:28:49', NULL),
	(16, '2025-11-06', 'in', 'Kegiatan', 1, 'kas', 18, 183356.00, 435307.00, 3, 'Minima perspiciatis voluptatem sed accusantium.', '2025-12-07 07:28:49', '2025-12-07 07:28:49', NULL),
	(17, '2025-09-12', 'out', 'Iuran Warga', 1, 'kas', 19, 71867.00, 363440.00, 3, 'Aspernatur dolores suscipit officia qui ut cupiditate.', '2025-12-07 07:28:49', '2025-12-07 07:28:49', NULL),
	(18, '2025-08-29', 'in', 'Iuran Warga', 1, 'kas', 20, 150769.00, 514209.00, 3, 'Similique aperiam ut qui sit nostrum.', '2025-12-07 07:28:49', '2025-12-07 07:28:49', NULL),
	(19, '2025-09-27', 'out', 'Dana Sosial', 1, 'kas', 21, 177957.00, 336252.00, 3, 'Dolor voluptates voluptatem excepturi quaerat amet fuga.', '2025-12-07 07:28:49', '2025-12-07 07:28:49', NULL),
	(20, '2025-11-11', 'out', 'Dana Sosial', 1, 'kas', 22, 23900.00, 312352.00, 3, 'Et nihil quaerat officiis iure atque fuga.', '2025-12-07 07:28:49', '2025-12-07 07:28:49', NULL),
	(21, '2025-11-08', 'out', 'Dana Sosial', 1, 'kas', 23, 25908.00, 286444.00, 3, 'Cupiditate eos placeat recusandae sit iusto unde.', '2025-12-07 07:28:49', '2025-12-07 07:28:49', NULL),
	(22, '2025-08-09', 'out', 'Kegiatan', 1, 'kas', 24, 183097.00, 103347.00, 3, 'Recusandae optio aut commodi inventore dolorum eius fuga.', '2025-12-07 07:28:49', '2025-12-07 07:28:49', NULL),
	(23, '2025-09-06', 'out', 'Iuran Warga', 1, 'kas', 25, 66747.00, 36600.00, 3, 'Itaque corrupti molestias suscipit omnis expedita illum maiores.', '2025-12-07 07:28:49', '2025-12-07 07:28:49', NULL),
	(24, '2025-08-30', 'out', 'Iuran Warga', 1, 'kas', 26, 154668.00, -118068.00, 3, 'Eius quasi vero quia tenetur esse error laboriosam.', '2025-12-07 07:28:49', '2025-12-07 07:28:49', NULL),
	(25, '2025-11-23', 'in', 'Iuran Warga', 1, 'kas', 27, 182735.00, 64667.00, 3, 'Dolores ea animi maiores dolorem sunt officiis.', '2025-12-07 07:28:49', '2025-12-07 07:28:49', NULL),
	(26, '2025-09-10', 'out', 'Dana Sosial', 1, 'kas', 28, 98066.00, -33399.00, 3, 'Quos adipisci sint neque necessitatibus dolore.', '2025-12-07 07:28:49', '2025-12-07 07:28:49', NULL),
	(27, '2025-08-17', 'out', 'Dana Sosial', 1, 'kas', 29, 158930.00, -192329.00, 3, 'Sed pariatur qui nam.', '2025-12-07 07:28:49', '2025-12-07 07:28:49', NULL),
	(28, '2025-09-29', 'out', 'Dana Sosial', 1, 'kas', 30, 184866.00, -377195.00, 3, 'Totam temporibus sed quia earum quidem at.', '2025-12-07 07:28:49', '2025-12-07 07:28:49', NULL),
	(29, '2025-10-04', 'in', 'Iuran Warga', 1, 'kas', 31, 121477.00, -255718.00, 3, 'Similique molestias optio inventore illo aperiam velit.', '2025-12-07 07:28:49', '2025-12-07 07:28:49', NULL),
	(30, '2025-09-10', 'out', 'Dana Sosial', 1, 'kas', 32, 90961.00, -346679.00, 3, 'Dolor nam ut corporis voluptatem consequatur.', '2025-12-07 07:28:50', '2025-12-07 07:28:50', NULL),
	(31, '2025-09-14', 'in', 'Dana Sosial', 1, 'kas', 33, 115376.00, -231303.00, 3, 'Quaerat dolorem consequatur quis molestiae velit.', '2025-12-07 07:28:50', '2025-12-07 07:28:50', NULL),
	(32, '2025-10-04', 'in', 'Kegiatan', 1, 'kas', 34, 180843.00, -50460.00, 3, 'Libero et repudiandae distinctio quam quibusdam reiciendis molestiae.', '2025-12-07 07:28:50', '2025-12-07 07:28:50', NULL),
	(33, '2025-09-27', 'out', 'Kegiatan', 1, 'kas', 35, 184157.00, -234617.00, 3, 'Ducimus dolorum blanditiis suscipit quas veniam culpa et enim.', '2025-12-07 07:28:50', '2025-12-07 07:28:50', NULL),
	(34, '2025-11-30', 'in', 'Kegiatan', 1, 'kas', 36, 182601.00, -52016.00, 3, 'Fuga praesentium repellat est.', '2025-12-07 07:28:50', '2025-12-07 07:28:50', NULL),
	(35, '2025-11-17', 'out', 'Iuran Warga', 1, 'kas', 37, 124014.00, -176030.00, 3, 'Et tempore et voluptates.', '2025-12-07 07:28:50', '2025-12-07 07:28:50', NULL),
	(36, '2025-09-21', 'in', 'Dana Sosial', 1, 'kas', 38, 108523.00, -67507.00, 3, 'Sapiente sequi amet sunt quibusdam.', '2025-12-07 07:28:50', '2025-12-07 07:28:50', NULL),
	(37, '2025-08-28', 'out', 'Kegiatan', 1, 'kas', 39, 80795.00, -148302.00, 3, 'Expedita rerum ipsum consequuntur perferendis nesciunt quis sit nesciunt.', '2025-12-07 07:28:50', '2025-12-07 07:28:50', NULL),
	(38, '2025-09-04', 'out', 'Iuran Warga', 1, 'kas', 40, 123943.00, -272245.00, 3, 'Placeat sapiente distinctio beatae magnam repellendus dolor.', '2025-12-07 07:28:50', '2025-12-07 07:28:50', NULL),
	(39, '2025-10-16', 'in', 'Iuran Warga', 1, 'kas', 41, 182847.00, -89398.00, 3, 'Sint nulla voluptas repellat quasi.', '2025-12-07 07:28:50', '2025-12-07 07:28:50', NULL),
	(40, '2025-11-11', 'in', 'Dana Sosial', 1, 'kas', 42, 23936.00, -65462.00, 3, 'Non unde eum consectetur ratione repellendus ipsum quisquam numquam.', '2025-12-07 07:28:50', '2025-12-07 07:28:50', NULL),
	(41, '2025-11-07', 'out', 'Dana Sosial', 1, 'kas', 43, 26338.00, -91800.00, 3, 'Iure voluptates dignissimos nisi in.', '2025-12-07 07:28:50', '2025-12-07 07:28:50', NULL),
	(42, '2025-09-03', 'out', 'Iuran Warga', 1, 'kas', 44, 41103.00, -132903.00, 3, 'Sit qui omnis aliquam aut quo.', '2025-12-07 07:28:50', '2025-12-07 07:28:50', NULL),
	(43, '2025-08-27', 'out', 'Kegiatan', 1, 'kas', 45, 15530.00, -148433.00, 3, 'Quos eveniet exercitationem quidem soluta aut.', '2025-12-07 07:28:50', '2025-12-07 07:28:50', NULL),
	(44, '2025-10-10', 'out', 'Kegiatan', 1, 'kas', 46, 199031.00, -347464.00, 3, 'Eligendi consequatur ipsum error rem.', '2025-12-07 07:28:50', '2025-12-07 07:28:50', NULL),
	(45, '2025-09-12', 'out', 'Dana Sosial', 1, 'kas', 47, 102931.00, -450395.00, 3, 'Rem voluptatem ab et in rerum illum.', '2025-12-07 07:28:50', '2025-12-07 07:28:50', NULL),
	(46, '2025-10-05', 'in', 'Iuran Warga', 1, 'kas', 48, 23544.00, -426851.00, 3, 'Iusto eveniet repudiandae consequuntur enim ad id et.', '2025-12-07 07:28:50', '2025-12-07 07:28:50', NULL),
	(47, '2025-08-20', 'out', 'Dana Sosial', 1, 'kas', 49, 123658.00, -550509.00, 3, 'Ratione laborum officiis molestiae et quis magni.', '2025-12-07 07:28:50', '2025-12-07 07:28:50', NULL),
	(48, '2025-11-20', 'out', 'Iuran Warga', 1, 'kas', 50, 137454.00, -687963.00, 3, 'Recusandae unde enim maiores reprehenderit.', '2025-12-07 07:28:50', '2025-12-07 07:28:50', NULL),
	(49, '2025-09-14', 'in', 'Iuran Warga', 1, 'kas', 51, 171506.00, -516457.00, 3, 'Veritatis consequatur consequatur est.', '2025-12-07 07:28:50', '2025-12-07 07:28:50', NULL),
	(50, '2025-10-25', 'out', 'Kegiatan', 1, 'kas', 52, 167434.00, -683891.00, 3, 'Possimus tempora sed quasi corporis corporis voluptatem autem.', '2025-12-07 07:28:50', '2025-12-07 07:28:50', NULL),
	(51, '2025-09-09', 'in', 'Dana Sosial', 1, 'kas', 53, 132050.00, -551841.00, 3, 'Dolorem iure provident a voluptates.', '2025-12-07 07:28:50', '2025-12-07 07:28:50', NULL),
	(52, '2025-11-20', 'out', 'Dana Sosial', 1, 'kas', 54, 43532.00, -595373.00, 3, 'Velit nulla eius nostrum unde quo est.', '2025-12-07 07:28:50', '2025-12-07 07:28:50', NULL);

-- Dumping structure for table si-rtrw.users
CREATE TABLE IF NOT EXISTS `users` (
  `id` bigint(20) unsigned NOT NULL AUTO_INCREMENT,
  `username` varchar(100) NOT NULL,
  `name` varchar(191) DEFAULT NULL,
  `email` varchar(191) DEFAULT NULL,
  `password` varchar(255) DEFAULT NULL,
  `role` varchar(50) NOT NULL DEFAULT 'user',
  `warga_id` bigint(20) unsigned DEFAULT NULL,
  `remember_token` varchar(100) DEFAULT NULL,
  `created_at` timestamp NULL DEFAULT NULL,
  `updated_at` timestamp NULL DEFAULT NULL,
  PRIMARY KEY (`id`),
  UNIQUE KEY `users_username_unique` (`username`),
  UNIQUE KEY `users_email_unique` (`email`),
  KEY `users_warga_id_index` (`warga_id`),
  CONSTRAINT `users_warga_id_foreign` FOREIGN KEY (`warga_id`) REFERENCES `warga` (`id`) ON DELETE SET NULL
) ENGINE=InnoDB AUTO_INCREMENT=6 DEFAULT CHARSET=utf8mb4 COLLATE=utf8mb4_unicode_ci;

-- Dumping data for table si-rtrw.users: ~3 rows (approximately)
INSERT INTO `users` (`id`, `username`, `name`, `email`, `password`, `role`, `warga_id`, `remember_token`, `created_at`, `updated_at`) VALUES
	(1, 'admin', 'Admin RT', 'admin@example.com', '$2y$12$fT1buSh0UVWlDOD3FuSeruNcN6A4miaHMgA9xSSzC4HyeHVmnJXGi', 'admin', 41, NULL, '2025-12-06 11:18:33', '2025-12-07 07:28:48'),
	(2, 'ketua', 'Ketua RT', 'ketua@example.com', '$2y$12$pm4oVZ8HIM1.owOa49oT0udenViHtwSuJAITYRaYQYCnUXQ0xUj.W', 'pengurus', 42, NULL, '2025-12-06 11:18:33', '2025-12-07 07:28:49'),
	(3, 'bendahara', 'Bendahara RT', 'bendahara@example.com', '$2y$12$NUSQsnoFTO6guD29gr9/ZOhRV0p1htizRydWitCfZdrzQO9Wr52dC', 'bendahara', 43, NULL, '2025-12-06 11:18:34', '2025-12-07 07:28:49');

-- Dumping structure for table si-rtrw.warga
CREATE TABLE IF NOT EXISTS `warga` (
  `id` bigint(20) unsigned NOT NULL AUTO_INCREMENT,
  `nik` varchar(32) DEFAULT NULL,
  `nama` varchar(191) NOT NULL,
  `alamat` text DEFAULT NULL,
  `no_rumah` varchar(50) DEFAULT NULL,
  `rt` varchar(10) DEFAULT NULL,
  `rw` varchar(10) DEFAULT NULL,
  `no_hp` varchar(30) DEFAULT NULL,
  `status_aktif` tinyint(1) NOT NULL DEFAULT 1,
  `tanggal_lahir` date DEFAULT NULL,
  `created_at` timestamp NULL DEFAULT NULL,
  `updated_at` timestamp NULL DEFAULT NULL,
  `deleted_at` timestamp NULL DEFAULT NULL,
  PRIMARY KEY (`id`),
  KEY `warga_nik_index` (`nik`),
  KEY `warga_rt_index` (`rt`),
  KEY `warga_rw_index` (`rw`),
  KEY `warga_status_aktif_index` (`status_aktif`)
) ENGINE=InnoDB AUTO_INCREMENT=81 DEFAULT CHARSET=utf8mb4 COLLATE=utf8mb4_unicode_ci;

-- Dumping data for table si-rtrw.warga: ~80 rows (approximately)
INSERT INTO `warga` (`id`, `nik`, `nama`, `alamat`, `no_rumah`, `rt`, `rw`, `no_hp`, `status_aktif`, `tanggal_lahir`, `created_at`, `updated_at`, `deleted_at`) VALUES
	(1, '32733672966372', 'Widya Pratiwi', 'Jl. Melati No. 19', '25', '05', '03', '0873 9200 0108', 1, '1966-02-20', '2025-12-06 11:18:33', '2025-12-06 11:18:33', NULL),
	(2, '32730816478004', 'Kartika Ana Laksita M.Pd', 'Jl. Melati No. 28', '15', '05', '03', '(+62) 615 6764 754', 1, '2000-11-17', '2025-12-06 11:18:33', '2025-12-06 11:18:33', NULL),
	(3, '32736155334936', 'Zulfa Calista Laksita M.Ak', 'Jl. Melati No. 14', '14', '05', '03', '0520 6639 184', 1, '1971-12-15', '2025-12-06 11:18:33', '2025-12-06 11:18:33', NULL),
	(4, '32731304148394', 'Hartaka Ramadan S.E.', 'Jl. Melati No. 7', '2', '05', '03', '0563 2335 4229', 1, '1975-06-05', '2025-12-06 11:18:33', '2025-12-06 11:18:33', NULL),
	(5, '32737038813693', 'Raharja Saputra', 'Jl. Melati No. 13', '1', '05', '03', '0970 1897 356', 1, '1988-10-01', '2025-12-06 11:18:33', '2025-12-06 11:18:33', NULL),
	(6, '32734432525184', 'Ratih Wahyuni S.I.Kom', 'Jl. Melati No. 13', '26', '05', '03', '0545 2188 0319', 1, '1999-02-07', '2025-12-06 11:18:33', '2025-12-06 11:18:33', NULL),
	(7, '32735571830407', 'Najib Indra Sihombing M.Kom.', 'Jl. Melati No. 21', '3', '05', '03', '(+62) 767 6298 988', 1, '1979-06-29', '2025-12-06 11:18:33', '2025-12-06 11:18:33', NULL),
	(8, '32736765798741', 'Dimas Winarno S.I.Kom', 'Jl. Melati No. 8', '26', '05', '03', '(+62) 472 4754 6667', 1, '1998-09-06', '2025-12-06 11:18:33', '2025-12-06 11:18:33', NULL),
	(9, '32738363174127', 'Hari Nugroho', 'Jl. Melati No. 12', '4', '05', '03', '0562 4001 1540', 1, '1969-06-25', '2025-12-06 11:18:33', '2025-12-06 11:18:33', NULL),
	(10, '32737234369337', 'Harjo Habibi', 'Jl. Melati No. 20', '3', '05', '03', '0389 5587 427', 1, '1978-09-10', '2025-12-06 11:18:33', '2025-12-06 11:18:33', NULL),
	(11, '32733047609982', 'Galih Gangsa Gunarto', 'Jl. Melati No. 30', '12', '05', '03', '(+62) 496 5039 096', 1, '2003-07-07', '2025-12-06 11:19:14', '2025-12-06 11:19:14', NULL),
	(12, '32731915349246', 'Banawi Waskita', 'Jl. Melati No. 29', '21', '05', '03', '(+62) 465 9650 404', 1, '1990-03-12', '2025-12-06 11:19:14', '2025-12-06 11:19:14', NULL),
	(13, '32733176509636', 'Dirja Budiman', 'Jl. Melati No. 14', '16', '05', '03', '0564 4494 5792', 1, '1979-05-28', '2025-12-06 11:19:14', '2025-12-06 11:19:14', NULL),
	(14, '32737969950240', 'Wage Prayoga', 'Jl. Melati No. 1', '17', '05', '03', '(+62) 222 9141 6939', 1, '1995-10-14', '2025-12-06 11:19:14', '2025-12-06 11:19:14', NULL),
	(15, '32736879668079', 'Tri Simbolon S.Pd', 'Jl. Melati No. 29', '13', '05', '03', '(+62) 600 2190 968', 1, '1974-02-09', '2025-12-06 11:19:14', '2025-12-06 11:19:14', NULL),
	(16, '32737249193631', 'Mariadi Santoso', 'Jl. Melati No. 22', '15', '05', '03', '(+62) 855 6487 871', 1, '1991-04-13', '2025-12-06 11:19:14', '2025-12-06 11:19:14', NULL),
	(17, '32739916020674', 'Dalima Hani Mayasari S.Farm', 'Jl. Melati No. 26', '2', '05', '03', '0233 5415 9136', 1, '1972-09-19', '2025-12-06 11:19:14', '2025-12-06 11:19:14', NULL),
	(18, '32732495593872', 'Kusuma Dabukke S.E.I', 'Jl. Melati No. 2', '14', '05', '03', '0468 5902 192', 1, '1974-07-31', '2025-12-06 11:19:14', '2025-12-06 11:19:14', NULL),
	(19, '32738559800074', 'Zalindra Winarsih', 'Jl. Melati No. 13', '12', '05', '03', '(+62) 834 7127 4127', 1, '2007-07-01', '2025-12-06 11:19:14', '2025-12-06 11:19:14', NULL),
	(20, '32732947772598', 'Jessica Farida', 'Jl. Melati No. 30', '12', '05', '03', '0655 4282 5127', 1, '1988-04-10', '2025-12-06 11:19:14', '2025-12-06 11:19:14', NULL),
	(21, '32737058480686', 'Hani Puspasari', 'Jl. Melati No. 17', '5', '05', '03', '020 9783 555', 1, '1984-03-08', '2025-12-06 11:22:39', '2025-12-06 11:22:39', NULL),
	(22, '32730679283614', 'Galih Utama', 'Jl. Melati No. 2', '23', '05', '03', '0671 5771 5847', 1, '1967-12-11', '2025-12-06 11:22:39', '2025-12-06 11:22:39', NULL),
	(23, '32731468137106', 'Safina Cici Aryani S.E.', 'Jl. Melati No. 23', '19', '05', '03', '0628 7307 603', 1, '1986-09-09', '2025-12-06 11:22:39', '2025-12-06 11:22:39', NULL),
	(24, '32734269716640', 'Wani Palastri', 'Jl. Melati No. 30', '6', '05', '03', '0787 9326 339', 1, '1974-09-11', '2025-12-06 11:22:39', '2025-12-06 11:22:39', NULL),
	(25, '32739132143567', 'Baktianto Nababan', 'Jl. Melati No. 1', '16', '05', '03', '0651 5827 654', 1, '1968-12-30', '2025-12-06 11:22:39', '2025-12-06 11:22:39', NULL),
	(26, '32738312282399', 'Eva Violet Nasyidah', 'Jl. Melati No. 11', '18', '05', '03', '(+62) 432 5745 661', 1, '2007-04-06', '2025-12-06 11:22:39', '2025-12-06 11:22:39', NULL),
	(27, '32736638375071', 'Juli Wulandari S.I.Kom', 'Jl. Melati No. 25', '30', '05', '03', '(+62) 503 9490 532', 1, '1983-02-10', '2025-12-06 11:22:39', '2025-12-06 11:22:39', NULL),
	(28, '32737426420186', 'Maras Wibowo', 'Jl. Melati No. 10', '25', '05', '03', '(+62) 364 0102 478', 1, '2000-02-16', '2025-12-06 11:22:39', '2025-12-06 11:22:39', NULL),
	(29, '32732869056840', 'Jinawi Balijan Anggriawan', 'Jl. Melati No. 22', '16', '05', '03', '(+62) 27 0375 923', 1, '1982-03-25', '2025-12-06 11:22:39', '2025-12-06 11:22:39', NULL),
	(30, '32734422123223', 'Intan Cici Yuniar', 'Jl. Melati No. 5', '4', '05', '03', '0459 1049 657', 1, '1993-06-04', '2025-12-06 11:22:39', '2025-12-06 11:22:39', NULL),
	(31, '32738888452051', 'Wardi Rajata S.Psi', 'Jl. Melati No. 19', '14', '05', '03', '0802 840 523', 1, '1968-04-30', '2025-12-06 11:25:59', '2025-12-06 11:25:59', NULL),
	(32, '32732830434747', 'Hasim Jindra Maryadi', 'Jl. Melati No. 13', '21', '05', '03', '(+62) 828 3280 689', 1, '1983-03-21', '2025-12-06 11:25:59', '2025-12-06 11:25:59', NULL),
	(33, '32732983876364', 'Salwa Lailasari', 'Jl. Melati No. 5', '15', '05', '03', '0345 1403 513', 1, '1992-12-13', '2025-12-06 11:25:59', '2025-12-06 11:25:59', NULL),
	(34, '32732495282335', 'Dirja Rendy Wibisono', 'Jl. Melati No. 29', '10', '05', '03', '(+62) 962 2198 468', 1, '1990-07-24', '2025-12-06 11:25:59', '2025-12-06 11:25:59', NULL),
	(35, '32735298630336', 'Sakura Rahmawati', 'Jl. Melati No. 6', '19', '05', '03', '0289 1951 082', 1, '1992-07-24', '2025-12-06 11:25:59', '2025-12-06 11:25:59', NULL),
	(36, '32738870288300', 'Janet Zulfa Agustina', 'Jl. Melati No. 25', '19', '05', '03', '(+62) 795 6684 794', 1, '2005-08-25', '2025-12-06 11:25:59', '2025-12-06 11:25:59', NULL),
	(37, '32731132922555', 'Kajen Maulana', 'Jl. Melati No. 22', '21', '05', '03', '0802 660 081', 1, '1998-11-14', '2025-12-06 11:25:59', '2025-12-06 11:25:59', NULL),
	(38, '32739833275785', 'Oman Tarihoran', 'Jl. Melati No. 16', '26', '05', '03', '(+62) 688 4026 6705', 1, '2004-10-07', '2025-12-06 11:25:59', '2025-12-06 11:25:59', NULL),
	(39, '32733495731415', 'Jelita Calista Farida', 'Jl. Melati No. 18', '1', '05', '03', '(+62) 758 4364 7990', 1, '1966-12-19', '2025-12-06 11:25:59', '2025-12-06 11:25:59', NULL),
	(40, '32731176322981', 'Ophelia Riyanti', 'Jl. Melati No. 25', '23', '05', '03', '(+62) 891 9436 356', 1, '1988-05-08', '2025-12-06 11:25:59', '2025-12-06 11:25:59', NULL),
	(41, '32734455189764', 'Hendra Rajata S.Farm', 'Jl. Melati No. 7', '7', '05', '03', '0647 7232 225', 1, '2006-02-09', '2025-12-07 07:28:48', '2025-12-07 07:28:48', NULL),
	(42, '32733200833995', 'Elvin Wasita', 'Jl. Melati No. 10', '38', '05', '03', '0471 9516 029', 1, '2000-04-12', '2025-12-07 07:28:48', '2025-12-07 07:28:48', NULL),
	(43, '32733179924822', 'Zulaikha Victoria Hariyah S.E.I', 'Jl. Melati No. 9', '28', '05', '03', '(+62) 859 0697 246', 1, '1957-06-14', '2025-12-07 07:28:48', '2025-12-07 07:28:48', NULL),
	(44, '32734667313111', 'Saiful Lembah Nashiruddin S.Pd', 'Jl. Melati No. 27', '8', '05', '03', '(+62) 875 5408 4272', 1, '2006-11-03', '2025-12-07 07:28:48', '2025-12-07 07:28:48', NULL),
	(45, '32735866209650', 'Cawisono Adriansyah', 'Jl. Melati No. 3', '26', '05', '03', '0834 1930 9433', 1, '2008-10-09', '2025-12-07 07:28:48', '2025-12-07 07:28:48', NULL),
	(46, '32731995053737', 'Kairav Latupono S.Farm', 'Jl. Melati No. 20', '11', '05', '03', '(+62) 581 7882 827', 1, '1982-10-16', '2025-12-07 07:28:48', '2025-12-07 07:28:48', NULL),
	(47, '32736253576619', 'Garang Sitompul', 'Jl. Melati No. 22', '29', '05', '03', '0518 4968 550', 1, '1969-02-24', '2025-12-07 07:28:48', '2025-12-07 07:28:48', NULL),
	(48, '32739810225787', 'Gilda Anggraini', 'Jl. Melati No. 2', '36', '05', '03', '0809 2570 2289', 1, '1995-01-10', '2025-12-07 07:28:48', '2025-12-07 07:28:48', NULL),
	(49, '32730388486273', 'Hasta Hidayat S.Kom', 'Jl. Melati No. 23', '5', '05', '03', '0293 9758 546', 1, '2006-04-25', '2025-12-07 07:28:48', '2025-12-07 07:28:48', NULL),
	(50, '32738770603366', 'Puji Kani Mandasari S.H.', 'Jl. Melati No. 4', '12', '05', '03', '(+62) 922 8253 028', 1, '1964-10-24', '2025-12-07 07:28:48', '2025-12-07 07:28:48', NULL),
	(51, '32732745860745', 'Vicky Wastuti', 'Jl. Melati No. 3', '2', '05', '03', '(+62) 816 2779 674', 1, '1987-09-09', '2025-12-07 07:28:48', '2025-12-07 07:28:48', NULL),
	(52, '32735686768434', 'Malik Jailani', 'Jl. Melati No. 1', '24', '05', '03', '(+62) 681 5413 534', 1, '1980-06-17', '2025-12-07 07:28:48', '2025-12-07 07:28:48', NULL),
	(53, '32735159415300', 'Almira Cinthia Hastuti', 'Jl. Melati No. 16', '14', '05', '03', '023 9684 161', 1, '1975-05-30', '2025-12-07 07:28:48', '2025-12-07 07:28:48', NULL),
	(54, '32737155944141', 'Galang Maryadi Mahendra S.Kom', 'Jl. Melati No. 31', '14', '05', '03', '(+62) 779 1195 4190', 1, '1982-10-05', '2025-12-07 07:28:48', '2025-12-07 07:28:48', NULL),
	(55, '32738658300415', 'Okta Situmorang S.Psi', 'Jl. Melati No. 30', '27', '05', '03', '0515 8296 292', 1, '2006-11-05', '2025-12-07 07:28:48', '2025-12-07 07:28:48', NULL),
	(56, '32733552652057', 'Lasmono Leo Januar', 'Jl. Melati No. 31', '33', '05', '03', '0693 7495 5377', 1, '2008-09-03', '2025-12-07 07:28:48', '2025-12-07 07:28:48', NULL),
	(57, '32733814936812', 'Saka Gunawan S.Kom', 'Jl. Melati No. 13', '35', '05', '03', '0960 9388 0503', 1, '2001-06-05', '2025-12-07 07:28:48', '2025-12-07 07:28:48', NULL),
	(58, '32733076301317', 'Kala Natsir', 'Jl. Melati No. 23', '13', '05', '03', '(+62) 238 8575 4520', 1, '1989-03-23', '2025-12-07 07:28:48', '2025-12-07 07:28:48', NULL),
	(59, '32734869340910', 'Upik Prabowo Mandala S.I.Kom', 'Jl. Melati No. 20', '29', '05', '03', '(+62) 300 3873 224', 1, '1997-11-17', '2025-12-07 07:28:48', '2025-12-07 07:28:48', NULL),
	(60, '32734814202328', 'Salman Gunarto', 'Jl. Melati No. 28', '11', '05', '03', '(+62) 27 9990 4318', 1, '1993-08-29', '2025-12-07 07:28:48', '2025-12-07 07:28:48', NULL),
	(61, '32730863471749', 'Laksana Thamrin S.Psi', 'Jl. Melati No. 9', '26', '05', '03', '(+62) 663 0424 3264', 1, '1981-02-27', '2025-12-07 07:28:48', '2025-12-07 07:28:48', NULL),
	(62, '32732620476580', 'Puji Prastuti S.H.', 'Jl. Melati No. 20', '28', '05', '03', '(+62) 211 7928 3877', 1, '1995-05-21', '2025-12-07 07:28:48', '2025-12-07 07:28:48', NULL),
	(63, '32739043286415', 'Silvia Purnawati', 'Jl. Melati No. 13', '6', '05', '03', '(+62) 855 3563 524', 1, '1999-11-16', '2025-12-07 07:28:48', '2025-12-07 07:28:48', NULL),
	(64, '32731916813649', 'Gambira Damanik', 'Jl. Melati No. 3', '36', '05', '03', '(+62) 326 3330 580', 1, '1967-04-11', '2025-12-07 07:28:48', '2025-12-07 07:28:48', NULL),
	(65, '32738549843738', 'Maryanto Haryanto S.Sos', 'Jl. Melati No. 28', '9', '05', '03', '0252 6420 1220', 1, '1959-03-24', '2025-12-07 07:28:48', '2025-12-07 07:28:48', NULL),
	(66, '32738436333142', 'Eva Fathonah Aryani', 'Jl. Melati No. 31', '16', '05', '03', '(+62) 802 6626 8882', 1, '1971-12-30', '2025-12-07 07:28:48', '2025-12-07 07:28:48', NULL),
	(67, '32737132901455', 'Dwi Januar S.Pd', 'Jl. Melati No. 21', '27', '05', '03', '0791 3739 908', 1, '1999-06-20', '2025-12-07 07:28:48', '2025-12-07 07:28:48', NULL),
	(68, '32736300423419', 'Kayla Yuliarti', 'Jl. Melati No. 7', '33', '05', '03', '0874 0047 135', 1, '1976-10-21', '2025-12-07 07:28:48', '2025-12-07 07:28:48', NULL),
	(69, '32739800170129', 'Budi Siregar', 'Jl. Melati No. 35', '5', '05', '03', '0585 0191 371', 1, '1983-10-08', '2025-12-07 07:28:48', '2025-12-07 07:28:48', NULL),
	(70, '32739318192351', 'Enteng Embuh Tarihoran', 'Jl. Melati No. 4', '6', '05', '03', '0734 2387 979', 1, '1992-11-01', '2025-12-07 07:28:48', '2025-12-07 07:28:48', NULL),
	(71, '32738162297693', 'Panca Oskar Kuswoyo', 'Jl. Melati No. 28', '3', '05', '03', '(+62) 875 0219 9610', 1, '1997-03-03', '2025-12-07 07:28:48', '2025-12-07 07:28:48', NULL),
	(72, '32736100364563', 'Keisha Suryatmi', 'Jl. Melati No. 13', '23', '05', '03', '(+62) 25 2440 853', 1, '1968-07-02', '2025-12-07 07:28:48', '2025-12-07 07:28:48', NULL),
	(73, '32734643133103', 'Halima Kuswandari', 'Jl. Melati No. 33', '24', '05', '03', '0903 8310 5512', 1, '1959-09-16', '2025-12-07 07:28:48', '2025-12-07 07:28:48', NULL),
	(74, '32735126610198', 'Puji Padmasari', 'Jl. Melati No. 7', '33', '05', '03', '0317 5813 9708', 1, '1985-08-29', '2025-12-07 07:28:48', '2025-12-07 07:28:48', NULL),
	(75, '32735662698462', 'Vicky Puspita', 'Jl. Melati No. 13', '40', '05', '03', '(+62) 664 7818 758', 1, '1973-03-06', '2025-12-07 07:28:48', '2025-12-07 07:28:48', NULL),
	(76, '32732176644384', 'Langgeng Prakasa', 'Jl. Melati No. 10', '21', '05', '03', '(+62) 781 9541 532', 1, '1964-06-19', '2025-12-07 07:28:48', '2025-12-07 07:28:48', NULL),
	(77, '32735520983196', 'Jumadi Cawisono Irawan', 'Jl. Melati No. 30', '1', '05', '03', '0992 0337 888', 1, '1968-11-12', '2025-12-07 07:28:48', '2025-12-07 07:28:48', NULL),
	(78, '32732431785315', 'Jaga Mustofa', 'Jl. Melati No. 14', '32', '05', '03', '0973 6179 080', 1, '1987-08-26', '2025-12-07 07:28:48', '2025-12-07 07:28:48', NULL),
	(79, '32738594896418', 'Cornelia Widiastuti M.Farm', 'Jl. Melati No. 25', '28', '05', '03', '0209 5978 3363', 1, '1973-04-27', '2025-12-07 07:28:48', '2025-12-07 07:28:48', NULL),
	(80, '32737320817586', 'Bala Hakim', 'Jl. Melati No. 15', '15', '05', '03', '0451 3190 558', 1, '1982-07-01', '2025-12-07 07:28:48', '2025-12-07 07:28:48', NULL);

/*!40103 SET TIME_ZONE=IFNULL(@OLD_TIME_ZONE, 'system') */;
/*!40101 SET SQL_MODE=IFNULL(@OLD_SQL_MODE, '') */;
/*!40014 SET FOREIGN_KEY_CHECKS=IFNULL(@OLD_FOREIGN_KEY_CHECKS, 1) */;
/*!40101 SET CHARACTER_SET_CLIENT=@OLD_CHARACTER_SET_CLIENT */;
/*!40111 SET SQL_NOTES=IFNULL(@OLD_SQL_NOTES, 1) */;
